,ident,com,nplanets,massbudget,massefficiency,sigmag0,md,rc,ms,metal,taugas
0,1.0,0.035424185406925685,1.0,79.22743987658878,0.0013204573312764797,158.83555924139276,0.18,40.04019546508789,1.4253864288330078e+33,-0.09279143065214156,3525593.5
1,3.0,1.074297237952276,4.0,10758.305004031197,0.5763377680730999,90.79333656804815,0.055999999999999994,29.539342880249023,1.7602272033691405e+33,0.328145831823349,1644710.625
2,6.0,0.06104291981653764,1.0,2392.571269776024,0.05981428174440061,75.74087794063331,0.12,47.34337997436523,1.7231897115707396e+33,0.021272709593176842,1790533.125
3,7.0,1.3245721125326109,1.0,3988.4471829116437,0.06647411971519407,139.4087765353593,0.18,42.73906326293945,1.6844226121902464e+33,-0.09257139265537262,2721394.75
4,13.0,0.12393668017835878,1.0,2891.237088040514,0.05102183096542084,178.83070031517818,0.17,36.67222213745117,2.4128897190094e+33,-0.17403939366340634,3956707.5
5,15.0,0.5898365736566026,1.0,20219.91387601351,0.5514521966185503,106.82475890119792,0.11,38.16754150390625,1.972005605697632e+33,0.3886128067970276,2435405.5
6,31.0,4.3588146349509875,1.0,23.86220832962772,0.0007456940103008663,86.54608385539488,0.096,39.61372756958008,1.9870986938476563e+33,-0.03150779381394386,1439538.875
7,36.0,0.6024572850353098,1.0,12340.373580471929,0.37021120741415786,54.20182326337026,0.1,51.08893585205078,2.2754931449890137e+33,0.32353711128234863,4464832.0
8,40.0,1.74016014043917,1.0,167.20028376126083,0.006043383750407018,57.69843652192233,0.083,45.11186981201172,2.074223041534424e+33,0.03931472823023796,2374519.75
9,41.0,0.7040357499954207,2.0,20457.23821350481,0.6895698274215106,79.25219092618545,0.08899999999999998,39.85870361328125,1.8829214572906489e+33,0.264231950044632,3180775.75
10,45.0,0.8908057728089861,1.0,4258.164997420843,0.11613177265693209,62.3627063488653,0.11,49.95370101928711,2.7116463184356686e+33,-0.04213515669107437,4216293.5
11,47.0,2.4270473776309265,1.0,3609.448118252816,0.06015746863754694,144.66881223534938,0.18,41.954891204833984,1.4819756746292112e+33,0.02867590636014938,2305969.75
12,53.0,0.16956898402572151,1.0,21756.606648109526,0.38394011731957983,86.08042239210172,0.17,52.8574333190918,1.466697335243225e+33,0.4772234857082367,2702850.75
13,54.0,0.1359711813957158,1.0,3110.33793834073,0.12441351753362924,47.9115642960319,0.07499999999999997,47.05916976928711,2.788093328475952e+33,0.12445628643035887,6763758.5
14,55.0,1.3609234086317692,1.0,10.903150106741013,0.00034431000337076885,48.90630470063704,0.095,52.42195129394531,2.7434802055358887e+33,0.007457501720637083,2610816.25
15,57.0,3.790483743802701,2.0,118.01714325735753,0.003726857155495501,42.84224520321804,0.095,56.00921630859375,2.1246776580810543e+33,0.19387945532798767,2539950.25
16,60.0,0.05145779136116136,1.0,236.57625971931287,0.004731525194386258,89.07235309999393,0.15,48.80990600585938,1.7152870893478394e+33,0.1049892008304596,7005573.0
17,63.0,3.296004259324892,1.0,2285.3268961422964,0.036084108886457314,77.83337535548301,0.19,58.76620864868164,1.4450364112854002e+33,-0.036190528422594084,1215238.75
18,65.0,5.051975751638236,1.0,276.93959797160863,0.006390913799344814,152.16316903257626,0.13,34.76567840576172,1.9010305404663085e+33,0.1536606103181839,1759761.125
19,70.0,4.911797202674491,1.0,21.380089436845793,0.0003563348239474299,113.75062599737949,0.18,47.31438064575195,2.4922411441802972e+33,-0.2762344181537628,1161630.0
20,76.0,2.9120922072824866,3.0,665.4057418856521,0.04158785886785326,36.81551384656851,0.048,42.947608947753906,2.0966873168945312e+33,0.4394732415676117,1118237.75
21,78.0,0.4597602076284069,1.0,206.9595092779573,0.0032677817254414313,125.78098827917977,0.19,46.22778701782226,2.2154946327209469e+33,0.1440599262714386,4830846.0
22,85.0,0.05288123903374205,1.0,5504.3461386319605,0.18146196061424044,41.84320163538436,0.091,55.46794128417969,1.7395153045654297e+33,0.2311317026615143,4644380.5
23,91.0,0.08373488238653641,1.0,12914.418372490873,0.298025039365174,104.16770087397116,0.13,42.01834487915039,2.1874783039093018e+33,-0.11799459904432295,2969076.0
24,93.0,0.046977354950528884,1.0,19557.238495665806,0.41908368204998153,123.90597714834972,0.14,39.98081970214844,1.575602889060974e+33,0.08858268707990646,4158435.0
25,94.0,0.22435068865818258,2.0,30360.35134851204,0.506005855808534,99.12142258056221,0.18,50.68579864501953,2.579477787017822e+33,0.09010720998048782,2733797.25
26,101.0,4.690924940040593,1.0,19.21990316935365,0.0008479369045303078,67.86498127130538,0.06800000000000002,37.6500358581543,2.6461327075958246e+33,0.5345776677131653,5407527.5
27,120.0,0.048621456758169805,1.0,1131.5423582535311,0.01885903930422552,93.39452897154129,0.18,52.21669006347656,1.5940681695938109e+33,0.046802662312984473,4544484.5
28,124.0,0.06872611240491222,1.0,3152.3669728755435,0.07274693014328178,75.49159067992576,0.13,49.35784530639648,1.7064883708953855e+33,-0.1987774521112442,1872714.0
29,128.0,4.886597917363974,1.0,11097.480162555647,0.30265854988788127,117.58053335739086,0.11,36.37997817993164,2.777788162231445e+33,0.13615553081035614,1256978.25
30,133.0,1.2831066201361776,3.0,47638.73674175046,0.9527747348350093,77.67368187024074,0.15,52.26879501342773,2.5589869022369383e+33,0.24670234322547915,2260193.0
31,140.0,0.4117718403192038,1.0,8070.1426109476615,0.20175356527369154,94.99403305627486,0.12,42.27428436279297,1.4876027107238773e+33,0.2884766459465027,1184820.0
32,143.0,1.6141047643611512,1.0,16.24166162323645,0.00040604154058091125,72.47783391641941,0.12,48.397377014160156,1.4516056776046752e+33,0.0472320392727852,1226797.375
33,149.0,1.7680178237970732,1.0,1610.1431222694725,0.057505111509624014,71.63981394229783,0.084,40.728294372558594,2.5698661804199217e+33,-0.16219845414161682,2324535.25
34,151.0,2.1012860540213487,2.0,16694.427410268032,0.35773773022002925,110.29003309476865,0.14,42.376949310302734,1.7122027873992918e+33,0.05623038485646248,2101720.5
35,157.0,1.5107642305536095,2.0,40274.736375661145,0.7107306419234319,238.2138213782921,0.17,31.774211883544922,1.9052774906158452e+33,-0.2660494148731232,1232850.875
36,166.0,0.10011584863967415,1.0,3305.8487588513126,0.11399478478797631,48.2194875050897,0.087,50.52218627929688,1.9837161302566532e+33,0.24887752532958984,1806362.5
37,168.0,0.2254849576513142,2.0,13044.532725272516,0.4119326123770269,106.34392254348494,0.095,35.54997253417969,1.7621058225631716e+33,0.19037760794162756,1313546.75
38,178.0,3.7822711545913386,1.0,180.7784923938338,0.003389596732384384,99.17011854729412,0.16,47.77529525756836,1.502708077430725e+33,0.23238445818424225,2166952.5
39,182.0,0.0590444219367391,2.0,21417.631291250185,0.584117217034096,139.91548310982182,0.11,33.350109100341804,1.832433700561524e+33,0.17951568961143494,5463261.5
40,187.0,0.06870693682304549,1.0,4516.969050459258,0.14415858671678483,76.88348742741816,0.094,41.58926010131836,1.9815690517425533e+33,0.08991596847772597,1701163.0
41,193.0,0.6994847814416607,1.0,25864.8379099094,0.5968808748440632,166.7464407721821,0.13,33.210636138916016,2.5703926086425776e+33,0.1851633042097092,1328091.125
42,194.0,0.5053958362975831,1.0,3626.4443713076553,0.15767149440468065,67.3152508525296,0.069,38.0804100036621,2.2392439842224122e+33,0.026649530977010727,2863777.25
43,195.0,1.0419478105633746,2.0,57267.86936039271,1.0737725505073634,169.48011020475747,0.16,36.5455436706543,2.5101261138916014e+33,-0.100947804749012,1716789.5
44,196.0,3.061821652670956,1.0,1523.0861741812448,0.03807715435453112,42.01319077412777,0.12,63.56698226928711,2.6602983474731445e+33,0.4445274472236633,3657238.0
45,200.0,2.373181749687229,4.0,1146.3927236941233,0.03953078357565943,76.07631811743212,0.087,40.22246551513672,1.7802215814590452e+33,0.09543273597955704,2354147.75
46,204.0,0.0556108688966464,1.0,50135.24103185168,0.8355873505308613,149.04100577272496,0.18,41.33492660522461,1.7831504344940184e+33,0.3040258288383484,3979215.75
47,207.0,0.04554016068068068,1.0,1330.4363229246355,0.04157613509139486,56.715168445633964,0.096,48.93502426147461,1.614648938179016e+33,-0.19770348072052,5747595.0
48,215.0,0.22831082661222046,2.0,11861.20916557491,0.32348752269749753,83.79577223966567,0.11,43.0942268371582,2.3055553436279296e+33,0.0969594195485115,2735416.5
49,224.0,0.058494248811012686,1.0,12323.733743910641,0.20539556239851073,232.83909469716167,0.18,33.070602416992195,1.8306133747100836e+33,-0.3480483591556549,1103820.75
50,226.0,3.7109125340914253,1.0,670.469316436524,0.026818772657460972,63.53082275794143,0.07499999999999997,40.866947174072266,1.8228797912597647e+33,-0.10265562683343887,2534021.25
51,227.0,0.04390709604477997,1.0,1647.8752271629792,0.05373506175531454,72.85152885459922,0.092,42.267677307128906,1.5841804742813106e+33,-0.012378347106277944,3692912.0
52,228.0,0.10128853838318286,1.0,6386.490312995562,0.1741770085362426,77.93238786289824,0.11,44.68596649169922,2.406749963760376e+33,-0.010082805529236794,4326473.0
53,239.0,0.45001529894566167,1.0,14.506709528057465,0.000444082944736453,34.54066524977961,0.098,63.35508728027344,1.527537941932678e+33,0.17786920070648193,2421852.25
54,251.0,0.5269851370339306,3.0,33813.3652535483,0.676267305070966,68.89446071567653,0.15,55.49927139282226,2.295404434204101e+33,0.10015903413295746,2788412.75
55,256.0,0.21864136703701176,1.0,10474.70983517454,0.17457849725290903,94.31831683049305,0.18,51.96034622192383,1.4878348112106322e+33,0.11776237189769745,1170400.875
56,258.0,0.7678846374473339,2.0,124.91232429091491,0.002081872071515249,92.67233239789984,0.18,52.41975784301758,1.9997627735137936e+33,-0.14541971683502194,1758214.625
57,259.0,1.4796738579287736,2.0,15763.472633685918,0.6390597013656456,71.84900576320237,0.07399999999999997,38.17150497436523,2.1351790428161615e+33,0.297448992729187,2311944.0
58,278.0,0.28361987689410884,1.0,16005.3355847895,0.4365091523124409,80.28506108785548,0.11,44.02635955810547,1.965270757675171e+33,0.2315541356801987,3639423.25
59,280.0,0.061461984078404405,1.0,8365.304178047787,0.179256518101024,85.29313249391029,0.14,48.188209533691406,1.8506919145584102e+33,0.1769002079963684,1417389.625
60,282.0,1.776860052445221,1.0,1704.534426661388,0.055582644347653955,91.87436245995964,0.092,37.638347625732415,1.4146870374679565e+33,0.056138362735509865,2727311.5
61,283.0,3.4798657443371597,2.0,15686.495279193692,0.2614415879865616,103.20417359830002,0.18,49.673118591308594,2.599677562713623e+33,-0.13138823211193085,1142155.125
62,285.0,0.042144605504341695,1.0,14469.587233409056,0.36173968083522645,114.55257495722988,0.12,38.49656677246094,1.496196985244751e+33,0.12363646179437635,2998146.5
63,292.0,0.11623282323038844,1.0,40439.53859386132,1.1028965071053087,96.6494351597627,0.11,40.126426696777344,2.5787324905395503e+33,0.4423908591270447,6254381.5
64,296.0,1.8302340891027824,1.0,6433.609501335632,0.27972215223198393,61.9836541787926,0.069,39.684394836425774,2.2245695590972897e+33,0.2212882339954376,3272715.5
65,301.0,0.08957493053283952,1.0,11990.534448296472,0.2997633612074118,110.32018651636356,0.12,39.22806930541992,2.2638223171234132e+33,-0.21245023608207705,4545562.5
66,305.0,0.22888852425460812,2.0,33689.07232220422,0.6316701060413291,102.3185354108112,0.16,47.0345115661621,2.6918492317199706e+33,-0.061314616352319724,3405873.5
67,309.0,0.04857733644100529,1.0,890.8465512553998,0.024295815034238177,100.41013370671251,0.11,39.367820739746094,1.6689897775650024e+33,0.18907584249973292,7050604.0
68,315.0,3.9159134409844376,1.0,530.5237169509141,0.03386321597559027,34.579936084216364,0.047,43.85010528564453,1.9754130840301515e+33,0.3882571756839752,1452125.75
69,328.0,0.3639747159839089,1.0,1043.7852284930352,0.020875704569860706,113.07151728907702,0.15,43.321434020996094,2.577059268951416e+33,0.2296699434518814,5048122.5
70,336.0,0.7616701063639175,2.0,4463.78346129011,0.16134157089000395,71.30177607484096,0.083,40.58099365234375,2.7126736640930175e+33,0.08531533181667328,4037794.5
71,339.0,0.1258235502160131,1.0,52.855299245961106,0.0018437895085800387,71.5626413635382,0.086,41.23251724243164,2.68205714225769e+33,-0.046511460095644004,3286599.25
72,344.0,0.22448766326535546,1.0,32544.634518821076,0.5743170797439013,106.01501594023114,0.17,47.62934112548828,1.7631886005401607e+33,0.15936905145645142,3737499.75
73,345.0,0.984978700538116,3.0,249.7776904243651,0.005764100548254579,100.21641728819687,0.13,42.83867645263672,1.7312228679656982e+33,-0.056479524821043015,3180933.0
74,359.0,0.09204430701448772,1.0,2355.153959039734,0.06423147161017458,146.53932945415468,0.11,32.587650299072266,2.295198202133179e+33,-0.06475979089736937,2402370.0
75,362.0,3.2926729064693347,1.0,16244.572702575115,0.27074287837625194,125.82694269197523,0.18,44.98660659790039,1.6309547424316402e+33,0.26301807165145874,2039346.25
76,364.0,0.32441926940078336,2.0,3554.900064758627,0.19749444804214591,44.921057552978446,0.054000000000000006,41.23876953125,2.731689691543579e+33,0.16177386045455933,4711904.5
77,365.0,0.04797465340508082,1.0,6634.040380486342,0.15309323954968482,73.68062788373763,0.13,49.96073532104492,1.4964224100112916e+33,0.3659539818763733,1944710.375
78,369.0,0.2490611342322752,1.0,26044.209273326316,0.5208841854665264,128.6638094873507,0.15,40.6117057800293,2.4429132938385007e+33,-0.05179762467741966,3802449.75
79,384.0,1.7027664174754122,2.0,17201.642990452052,0.3035584057138597,116.67025082630406,0.17,45.40233612060546,1.9956732988357543e+33,-0.09946271777153017,1323237.0
80,387.0,0.3841401911070617,3.0,3315.908941741764,0.09043388022932085,66.19328150607714,0.11,48.48676300048828,2.0254855155944825e+33,0.06480557471513748,4482305.0
81,394.0,0.07776865345012715,2.0,46305.97564395441,0.7717662607325735,168.62315058391826,0.18,38.86077499389648,1.8123321533203124e+33,0.29786908626556396,4793900.5
82,395.0,0.5287606869786694,1.0,25830.598684265035,0.5166119736853008,71.06626944762633,0.15,54.6446533203125,2.6298067569732664e+33,0.06981708109378815,3464588.5
83,401.0,0.6518513710522214,1.0,38926.044497313575,0.8341295249424338,129.84114037082702,0.14,39.05635070800781,2.720630168914795e+33,0.3527522385120392,1869792.5
84,407.0,1.0133918896283678,2.0,29945.707155400596,0.5614820091637612,132.2038892627935,0.16,41.37820816040039,2.729941129684448e+33,0.11297629028558732,1228614.5
85,415.0,0.17105446092420235,1.0,6494.744587966186,0.14987872126075813,63.439544408736964,0.13,53.842529296875,2.05964469909668e+33,0.2353229820728302,1283650.125
86,421.0,0.39040582578927474,2.0,40981.372414304824,0.8196274482860965,65.31862012610493,0.15,56.99817276000977,2.241948127746582e+33,0.26530057191848755,3125141.75
87,423.0,0.09087257537026357,2.0,11541.15036372158,0.2885287590930395,73.92255421475541,0.12,47.92211151123047,1.617092132568359e+33,0.13350965082645416,3319864.25
88,424.0,0.0731780431806806,1.0,1431.6832899601363,0.022605525630949523,182.7699741865881,0.19,38.349365234375,2.0451984405517572e+33,-0.1969895213842392,1564584.125
89,427.0,3.2221817981201766,1.0,2066.5542480973445,0.05166385620243361,50.26218768039528,0.12,58.11707305908203,2.2161600589752197e+33,0.12931390106678006,2888687.0
90,428.0,0.04258803343205042,1.0,53.58695796630173,0.0030332240358284,45.44834498619483,0.053,40.617454528808594,1.4606196880340576e+33,0.2753526270389557,5824295.5
91,430.0,0.2341707194593123,1.0,2640.4158033321974,0.04169077584208732,105.5222419923184,0.19,50.47061538696289,1.891507029533386e+33,0.35390058159828186,4840930.5
92,440.0,2.5017659298099892,2.0,10476.51526378545,0.209530305275709,85.30646711189884,0.15,49.87563705444336,2.5752522945404052e+33,-0.2454306036233902,1996555.0
93,441.0,1.4045978884245622,2.0,3893.2816860371768,0.13904577450132774,60.97448170384363,0.084,44.1468162536621,1.403240442276001e+33,0.17577408254146576,2136791.5
94,442.0,0.1282138959260618,1.0,17.13114485801283,0.000901639203053307,34.3181884878042,0.057,48.474021911621094,2.7070481777191164e+33,0.061899352818727486,9637529.0
95,448.0,0.09404260855574174,1.0,372.5129522653412,0.011175388567960236,76.05750774300715,0.1,43.12834167480469,1.8928360939025886e+33,0.2800891399383545,6457765.5
96,464.0,0.3978828370072631,1.0,14990.816097806528,0.37477040244516324,58.42476610005385,0.12,53.90461349487305,2.110091924667358e+33,0.17854548990726474,4174682.75
97,472.0,0.6830737426759409,3.0,19880.817933614668,0.7185837807330603,131.48226295478554,0.083,29.884037017822266,2.217705965042114e+33,0.14025747776031494,2144441.75
98,474.0,0.07775167320534596,1.0,1678.2591559051034,0.04195647889762759,85.50292954166609,0.12,44.55884552001953,2.053673505783081e+33,0.15010063350200653,5770129.5
99,487.0,0.04506576757907186,1.0,492.9511907552103,0.03606959932355198,27.30580679232107,0.040999999999999995,46.0890998840332,1.6048595905303955e+33,0.2454463541507721,3850235.75
100,490.0,0.9185760101231559,2.0,256.6607861714246,0.0051332157234284925,139.52165959644336,0.15,38.99946212768555,2.5167021751403808e+33,-0.16437485814094546,3841056.5
101,493.0,0.6234719427852952,2.0,23207.332636665447,0.43513748693747717,106.13163610076693,0.16,46.18185424804688,1.7306859493255613e+33,0.18279328942298886,2378897.0
102,508.0,0.0651360979626252,1.0,746.3286878381766,0.015992757596532358,86.36178665322012,0.14,47.889137268066406,1.930181622505188e+33,0.18761612474918365,6986163.0
103,510.0,0.07030823802873493,2.0,10399.931009878883,0.3999973465338032,63.589149819210554,0.078,41.65715408325195,1.944948434829712e+33,0.3444836735725403,6172799.0
104,513.0,1.43974677515504,3.0,25801.94911908516,0.7036895214295952,148.23655121662858,0.11,32.400558471679695,1.656784415245056e+33,0.34256747364997864,1095997.25
105,514.0,0.1284616243197053,1.0,1099.9248763376518,0.027498121908441298,74.58257961714959,0.12,47.7095947265625,2.711551189422608e+33,0.2861536741256713,1500013.5
106,515.0,1.5950975569283523,1.0,2968.7833169150053,0.05937566633830011,123.7338600614826,0.15,41.4128532409668,1.8439980745315556e+33,-0.08585948497056961,1105559.0
107,519.0,4.5275127275448375,1.0,90.57590301003367,0.002921803322904312,146.79548210747132,0.093,29.93773460388184,2.4634790420532225e+33,0.20839864015579224,3593604.5
108,520.0,1.9058896225043604,1.0,6852.348260519408,0.23360278160861625,114.867258201306,0.08799999999999998,32.92130279541016,2.3600437641143805e+33,0.056131411343812936,1406000.875
109,532.0,0.08152804405182798,1.0,8535.197155438405,0.19696608820242473,54.21496280252062,0.13,58.24328994750977,2.158964157104492e+33,-0.1089569330215454,4509588.0
110,534.0,0.5868724214031179,1.0,1171.6578418106465,0.0524622914243573,41.532003671499346,0.067,47.77269744873047,1.7311731576919556e+33,0.2502436041831971,1282363.125
111,535.0,0.11543210560778093,1.0,22.024531000354106,0.0005506132750088526,89.34168412879644,0.12,43.5910530090332,2.568361282348633e+33,0.11471833288669585,8669700.0
112,536.0,0.5128210980119092,1.0,12.082796240776215,0.00024165592481552434,64.47273211252572,0.15,57.37086486816406,1.727891445159912e+33,-0.16470462083816528,1298784.75
113,540.0,0.04725285667354031,1.0,2172.3108911985046,0.03833489807997361,95.29402037443232,0.17,50.23720169067383,1.6436482667922974e+33,-0.19934843480587008,4248087.0
114,551.0,0.09045643936330937,1.0,97.30539197324114,0.005838323518394468,37.34353006534183,0.05,43.5222282409668,2.27365517616272e+33,0.16470359265804296,7285697.5
115,552.0,0.7026902922347008,1.0,7468.541213088265,0.18671353032720664,90.75794960413107,0.12,43.24959945678711,2.193549871444702e+33,0.042258650064468384,3744317.75
116,555.0,0.0964045239325504,1.0,7915.933781873739,0.3253123472002907,64.82807002504818,0.07299999999999998,39.91293716430664,2.3472640514373773e+33,0.03414374589920044,7003600.5
117,565.0,3.7172091882124505,1.0,8342.427830878361,0.1317225446980794,150.3533244369268,0.19,42.28186035156249,2.7373504638671876e+33,-0.12262586504220965,2447877.5
118,576.0,0.3516805763593227,2.0,13658.173953857346,0.70645727347538,57.85070670684797,0.057999999999999996,37.66114044189453,2.1858668327331535e+33,0.3945172429084777,4765215.0
119,580.0,0.940255174421708,1.0,2614.5948845585244,0.06536487211396311,74.87124286497254,0.12,47.61753463745117,1.4521360397338865e+33,-0.10705967992544174,1207847.75
120,582.0,4.334413315247995,1.0,473.98433547042094,0.010156807188651877,161.01831441874612,0.14,35.071971893310554,2.3180336952209468e+33,-0.029483111575245857,2544854.0
121,588.0,0.03976530242131405,1.0,92.20787546742153,0.0023051968866855386,171.12407464584282,0.12,31.49697685241699,1.510508894920349e+33,0.028244294226169583,5007655.0
122,589.0,1.1793116578476872,1.0,31684.009489321215,0.5280668248220203,177.1842164680389,0.18,37.91032791137695,1.5231155157089233e+33,0.4610868096351624,1513317.75
123,595.0,0.11261678816471786,1.0,71.69205400482781,0.002312646903381542,126.962389072678,0.093,32.19124221801757,2.537140130996704e+33,-0.3413292467594147,2957654.0
124,600.0,3.5277695557543973,1.0,417.55063576401847,0.008351012715280371,79.67952556733555,0.15,51.60669708251953,2.778236150741577e+33,-0.12817023694515228,1893640.375
125,601.0,3.456024778721342,2.0,6408.784550722656,0.1602196137680664,65.01146651961612,0.12,51.10100555419922,2.1510779857635496e+33,0.24482087790966034,2014959.125
126,606.0,0.6752009282925181,3.0,17996.749358529385,0.5743643412296613,72.26402866844968,0.094,42.8979606628418,1.9388476610183714e+33,0.14775772392749786,1958595.75
127,608.0,0.08333744107561665,1.0,32.18016802894813,0.0005363361338158022,106.37984695545937,0.18,48.92607498168945,2.1834418773651123e+33,-0.08200959861278535,7126797.5
128,610.0,3.054243379710855,2.0,30372.145838265442,0.5694777344674771,94.26815410533405,0.16,49.00171661376953,2.483260154724121e+33,0.09745892137289047,1335016.375
129,620.0,0.07750909047522486,1.0,31334.60616587101,0.7833651541467753,127.01839729137735,0.12,36.55873107910156,2.1064395904541013e+33,0.13452257215976715,5122452.5
130,625.0,0.1536488877276488,3.0,25157.117985677432,0.4439491409237194,68.25906437390435,0.17,59.35784149169922,1.902729272842407e+33,0.051663532853126526,3812134.25
131,627.0,0.044868892066814076,1.0,52.3254860234169,0.0009811028629390667,125.42211692103224,0.16,42.48217391967773,1.602446436882019e+33,-0.049470286816358566,4837907.5
132,628.0,2.6064139700587505,1.0,593.2648852388674,0.009367340293245274,148.05473911432898,0.19,42.60881423950195,2.4291052818298336e+33,-0.11859139055013655,3185435.5
133,635.0,0.23197651579303136,1.0,832.975342422537,0.013152242248776902,158.52411926446405,0.19,41.17778015136719,1.9381693601608282e+33,0.2976416349411011,4911291.0
134,636.0,1.2166208847523066,2.0,25074.48705833371,0.5373104369642937,141.0455940823085,0.14,37.47296524047852,2.1408529281616208e+33,0.0580352321267128,2020257.0
135,639.0,0.07151906766020485,1.0,28766.948570650027,0.6638526593226929,103.6140905823431,0.13,42.13044738769531,2.0221579074859616e+33,0.10036282986402513,5742752.0
136,643.0,4.760264929892647,1.0,305.6987612253783,0.011322176341680678,113.45718384200936,0.081,31.78046989440918,2.623695373535156e+33,-0.09827962517738342,1521053.625
137,647.0,3.8014310104470685,1.0,789.6406988533265,0.014805763103499871,156.5507083113259,0.16,38.02474212646485,1.7070307731628418e+33,0.1057608351111412,2123741.0
138,653.0,0.3677359979978769,1.0,979.7854685576439,0.037684056482986304,47.85387746055636,0.078,48.0200424194336,1.7784770727157598e+33,0.2937251627445221,5074711.5
139,661.0,0.1061438796451334,1.0,21796.303792407554,0.3846406551601333,168.03167938673823,0.17,37.83229446411133,2.465102672576904e+33,0.014366116374731062,1118676.875
140,693.0,1.5690974830423805,1.0,11.746363755257146,0.00037891495984700477,65.4191938863172,0.093,44.84589385986328,2.1213843822479247e+33,0.06886213272809982,5527042.5
141,695.0,0.11457039849403605,1.0,12.43171772691407,0.0006113959537826591,39.00444943202773,0.061,47.0372200012207,2.5587737560272217e+33,0.14653947949409485,5164543.0
142,700.0,0.10318216021627903,1.0,4033.2518923338257,0.14404471044049377,41.999496113372295,0.084,53.19262313842773,2.428218364715576e+33,0.027167942374944687,3682927.5
143,714.0,2.704781972562589,2.0,11235.144347148136,0.25927256185726466,76.01994163963201,0.13,49.1860237121582,2.440249443054199e+33,0.07562807202339171,1181326.375
144,717.0,0.06563112757257662,1.0,48156.15451239203,0.8498144913951535,156.26544317351542,0.17,39.23076629638672,1.9391661882400512e+33,0.15617580711841586,4129737.0
145,720.0,2.3060269208304653,1.0,19662.942164214095,0.31046750785601207,84.4387513302287,0.19,56.420860290527344,1.8998316526412963e+33,0.17372101545333862,1499941.125
146,733.0,1.8965243075889515,1.0,2306.5852688067944,0.13839511612840766,69.68681727128616,0.05,31.859832763671875,1.949890136718749e+33,0.2812691032886505,1802666.25
147,735.0,0.13386124205204014,1.0,1221.3230050479804,0.02818437703956878,84.50197674215099,0.13,46.65219116210938,2.76578974723816e+33,-0.016090014949440956,4861552.5
148,746.0,4.551259100249169,1.0,1596.7327389293655,0.03991831847323414,171.93438079637494,0.12,31.42266845703125,2.039689779281616e+33,-0.0057238717563450345,1605747.125
149,752.0,1.4015427826171176,2.0,71193.65602626646,1.4238731205253292,213.56916852517878,0.15,31.521738052368164,2.1226055622100836e+33,0.0009987630182877183,2050260.0
150,758.0,0.20286049146180768,1.0,13368.897422896833,0.3342224355724208,74.58380808653065,0.12,47.70920181274414,2.277426004409789e+33,0.23701538145542145,1995667.625
151,762.0,0.14573255299050472,1.0,606.6198064781524,0.03033099032390762,66.13324098258393,0.06,35.82609939575195,1.4891127347946163e+33,-0.07739540934562683,2096727.375
152,763.0,0.10932801054730301,2.0,32922.396850612386,0.7054799325131226,66.50124224508198,0.14,54.57364273071289,2.300938129425049e+33,0.4875079095363617,4688095.5
153,765.0,3.8364438171977437,1.0,6868.8993836962645,0.22896331278987556,49.07215457629992,0.08999999999999997,50.93748474121094,1.9330356121063232e+33,0.4745183885097504,1849526.125
154,769.0,0.1357128512624885,1.0,13525.968650808507,0.3381492162702127,143.9162134198035,0.12,34.34547805786133,1.6988128423690796e+33,0.34261301159858704,1124905.125
155,780.0,0.0966428011392436,1.0,10.613269843979335,0.0004302676963775408,64.16837437102576,0.07399999999999997,40.39142227172852,2.3506464958190918e+33,0.15402482450008392,8990586.0
156,781.0,1.175341086556836,1.0,1667.1052686820162,0.026322714768663415,56.897526198953784,0.19,68.73278045654297,1.8936550617218017e+33,0.15004055202007294,3765111.5
157,784.0,2.4695788036416286,1.0,15.021282780923698,0.0007268362635930823,49.36278471385428,0.062,42.15312957763672,2.5978937149047845e+33,0.09699399769306184,2275037.5
158,788.0,0.4329089594624089,1.0,2364.831391368566,0.11261101863659839,46.608849510113075,0.063,43.72903442382813,1.890738487243653e+33,0.03765392675995826,3534822.0
159,790.0,0.09272304538115883,1.0,9874.746552981467,0.4058115021773207,75.9120459001003,0.07299999999999998,36.88415908813477,2.3044435977935795e+33,-0.08698908239603041,8548691.0
160,799.0,1.1238419158854924,1.0,9843.955425905591,0.22716820213628286,97.16361250317772,0.13,43.50645065307617,1.6710977554321287e+33,0.05251314491033554,1679589.5
161,804.0,0.05289041182164034,1.0,18594.112792300144,0.3281314022170614,92.69277772412771,0.17,50.93722915649414,1.7040568590164186e+33,-0.27758944034576416,7724836.0
162,806.0,0.04540800714555697,1.0,15.445369276378244,0.0004929373173312206,52.18586729671199,0.094,50.480224609375,1.610882520675659e+33,0.45234453678131104,9865352.0
163,808.0,0.36452136340084046,2.0,39905.18190754762,0.6650863651257938,102.44558327398563,0.18,49.856689453125,2.1700642108917235e+33,0.1117490753531456,3046753.0
164,813.0,0.04257284193400451,1.0,5257.056958511221,0.12131669904256664,63.72426366225009,0.13,53.72211074829102,1.4862669706344606e+33,-0.0167273748666048,3655337.25
165,826.0,0.06391956106968187,1.0,23943.07128459897,0.5525324142599762,77.13928626500466,0.13,48.827857971191406,1.9121103286743168e+33,0.2275413125753403,5254812.5
166,827.0,0.8089196064653316,2.0,38873.07754186403,0.8329945187542293,163.79645299152156,0.14,34.77327346801757,1.817522883415222e+33,-0.05903370305895805,1914992.875
167,828.0,1.8771702175639045,2.0,60057.62490950391,1.1260804670531983,136.71553307309495,0.16,40.689735412597656,2.5022060871124263e+33,0.06606408953666687,1704304.125
168,835.0,4.435762610139137,1.0,1305.1800766367471,0.05220720306546991,98.3161994995133,0.07499999999999997,32.85124969482421,1.773746609687805e+33,0.35431912541389465,2285699.0
169,837.0,0.07986487818325069,1.0,156.0640658390535,0.007675281926510829,25.92457676636674,0.061,57.69562530517578,1.7012560367584231e+33,-0.08382949233055112,9426933.0
170,841.0,0.047667335062521576,2.0,1027.1056833582165,0.04969866209797822,57.239191310708726,0.062,39.14559555053711,1.4675452709197997e+33,0.2477423846721649,1793373.0
171,845.0,0.8436234439713644,2.0,125.87428126864884,0.00662496217203415,27.639779269851807,0.057,54.01370239257813,1.4281084537506103e+33,0.3770430684089661,3872058.5
172,846.0,0.039693125787329635,1.0,6524.985299374772,0.1398211135580308,95.78672925507723,0.14,45.47211456298828,1.5065927505493162e+33,-0.205842599272728,2638090.25
173,847.0,0.22056582865529345,2.0,1023.4832283795834,0.02791317895580682,75.64793946480533,0.11,45.35567092895508,2.224822759628296e+33,0.02039382420480252,4484096.0
174,848.0,0.8694101477069184,3.0,3452.347667311571,0.1545827313721599,62.538488943388046,0.067,38.9311752319336,1.5031582117080691e+33,0.2604391872882843,1177702.125
175,855.0,0.054802319542502885,1.0,33002.664236404395,0.5210946984695431,144.14584841256803,0.19,43.18267440795898,1.7059935331344605e+33,0.09030381590127944,3394703.25
176,857.0,0.07471493964666122,2.0,1819.8188658790718,0.04963142361488378,65.5238210097779,0.11,48.73382949829102,1.4077203273773192e+33,0.06763558089733124,1711810.625
177,868.0,0.42224416343555016,1.0,1468.490928143962,0.05307798535460104,29.398609596252328,0.083,63.198890686035156,1.5316609144210816e+33,-0.049991127103567116,5152374.0
178,878.0,0.06871981517773817,1.0,17111.776300742342,0.4277944075185586,91.267023431395,0.12,43.12881088256836,1.727245330810547e+33,0.2350272983312607,3578014.0
179,881.0,3.1084812405223436,1.0,5944.426822331118,0.1621207315181214,118.74917344432232,0.11,36.20052337646485,2.600916862487793e+33,0.14384928345680234,2929766.75
180,887.0,0.06963440148411393,1.0,7593.090436409308,0.22779271309227925,78.48825113440174,0.1,42.45525741577149,1.8462642431259155e+33,-0.20199961960315704,5226449.5
181,888.0,0.04613200595970823,1.0,2387.5316125377212,0.07162594837613163,96.87001940400484,0.1,38.21546173095703,1.6237244606018065e+33,-0.028455855324864388,1255314.125
182,889.0,3.1850357504219615,2.0,141.47296609009655,0.002357882768168276,106.39116126547077,0.18,48.9234733581543,2.1710062026977537e+33,-0.1782989203929901,2016966.375
183,893.0,1.3559709742081305,2.0,41434.240937805735,0.7311924871377482,165.23136758830088,0.17,38.15153503417969,2.033881902694701e+33,0.10650075972080232,1563685.625
184,896.0,3.006524542486209,1.0,1398.5430388854415,0.06659728756597341,78.33840090415859,0.063,33.730030059814446,1.979154586791992e+33,0.20493608713150024,1467898.875
185,900.0,0.43827097036836915,3.0,820.1997055679736,0.03000730630126733,68.43710002190753,0.08199999999999999,41.17133331298828,2.6356477737426754e+33,0.10308564454317093,4216987.5
186,901.0,0.49810648324682333,1.0,29898.081783053625,0.49830136305089373,86.73020634236558,0.18,54.18572235107422,1.7475124597549436e+33,0.22743333876132965,3283337.25
187,911.0,0.07247137224423537,1.0,47323.713838490665,0.8873196344716999,104.15206333058296,0.16,46.61866760253906,2.039853572845459e+33,0.14488287270069122,8814720.0
188,913.0,2.191479742415896,1.0,28.095382927631732,0.0009262214151966506,46.422643314085725,0.091,52.66105651855469,2.5273232460021968e+33,0.233000248670578,7599065.0
189,915.0,0.04563573787584452,2.0,17234.3785810429,0.3231445983945544,131.93458085793793,0.16,41.42041778564453,1.4807382822036742e+33,0.016389887779951096,3352489.25
190,921.0,1.4350625037074556,2.0,18528.04629901654,0.32696552292382125,134.79049368864716,0.17,42.24045944213867,1.6205096244812014e+33,-0.13583175837993622,1108456.875
191,925.0,0.12881746397770708,1.0,86.67827225662676,0.0020002678213067713,98.8947902168645,0.13,43.12397384643555,2.714510202407837e+33,-0.3956002593040466,4076875.5
192,931.0,0.049822222587391975,1.0,31882.203632532917,0.5977913181099922,153.27751790187398,0.16,38.4286003112793,1.6897183656692506e+33,-0.027571231126785282,4370538.5
193,937.0,0.25136748329675007,2.0,13803.551121409588,0.3764604851293524,67.58574187428397,0.11,47.98468017578125,2.0144376754760735e+33,0.2529072165489197,1518527.625
194,939.0,0.09281913461087958,1.0,19881.418101262243,0.35084855472815724,97.66661558086193,0.17,49.62324905395508,1.5875062942504883e+33,0.24281200766563416,2199907.25
195,943.0,1.6191259101786348,1.0,262.9927788439732,0.01360307476779172,43.861003444722854,0.057999999999999996,43.25223159790039,1.4553440809249878e+33,0.3030913174152374,1898939.375
196,948.0,2.379107588074393,2.0,350.08411547285834,0.010608609559783586,81.15870404371182,0.099,41.54166030883789,1.806181669235229e+33,0.045122697949409485,2024688.375
197,950.0,1.2458023742862072,1.0,25730.966600409774,0.5146193320081955,110.89341531775857,0.15,43.74481201171875,2.6711804866790766e+33,-0.14893418550491333,2623062.0
198,952.0,1.1635657787095601,3.0,35460.2819407929,0.6648802863898668,87.46768976361818,0.16,50.87096405029297,2.7806980609893795e+33,-0.0866774171590805,2229942.5
199,954.0,0.5969926153398778,1.0,49589.75449492168,0.8264959082486947,132.894683126037,0.18,43.77400207519531,2.1198048591613768e+33,0.15586556494235992,3088216.0
200,956.0,0.0879977141319955,1.0,10.438899957857206,0.00022369071338265438,101.63495556716495,0.14,44.14446640014648,2.2436044216156006e+33,-0.03206826001405716,7399431.5
201,958.0,0.10292988391078424,1.0,52.81856134113048,0.0016679545686672783,71.94204806134594,0.095,43.2219352722168,2.4254784584045408e+33,0.0045646661892533285,2626224.0
202,963.0,0.4343147293715602,1.0,47484.219694428146,0.8903291192705277,195.16427551112525,0.16,34.05599975585937,2.7680861949920645e+33,-0.014711222611367702,1819891.25
203,964.0,0.17670022997470505,1.0,35148.42447181439,0.7029684894362879,145.33296872763003,0.15,38.21178817749024,2.1719667911529536e+33,0.3046143352985382,1934798.125
204,967.0,1.0636368096117863,2.0,2282.001657217123,0.05705004143042808,69.40662741153861,0.12,49.4565658569336,1.6959577798843386e+33,0.07210827618837358,1014271.625
205,975.0,0.17904958516847352,1.0,413.2824020345937,0.007749045038148631,92.63666348744137,0.16,49.43133544921875,1.5688759088516234e+33,0.2228616625070572,4726370.5
206,984.0,3.1425519115636127,1.0,108.99667324356213,0.004954394238343734,27.95002444690383,0.066,57.79824829101562,1.7458375692367549e+33,0.06064998731017113,4176250.25
207,990.0,0.13238053182749226,2.0,24363.832750584384,0.5220821303696653,112.62348674067869,0.14,41.935646057128906,1.647792220115661e+33,0.13030053675174713,3631725.25
208,997.0,4.9655358455892715,2.0,5543.345120043226,0.09238908533405378,137.0857924210668,0.18,43.09965896606445,2.4925072193145756e+33,-0.2309659123420716,1247805.375
209,1009.0,0.06784450359982952,1.0,24256.408053721927,0.6615384014651434,158.60604560500119,0.11,31.32349967956543,1.9697247743606567e+33,0.010685732588171959,3523817.75
210,1011.0,0.10992663645224567,1.0,380.3227918963521,0.007606455837927042,58.95996421525164,0.15,59.99303436279297,2.5065023899078371e+33,-0.07867570966482161,2953139.25
211,1014.0,2.1239260120660446,1.0,92.49147359059609,0.002774744207717883,61.06483511023171,0.1,48.13247680664063,2.74211835861206e+33,0.33498165011405945,1081596.625
212,1019.0,0.3673090420977148,1.0,8318.225989538685,0.20795564973846714,89.38025687154537,0.12,43.58164596557617,1.4181059598922728e+33,0.25997912883758545,1520959.375
213,1020.0,0.07655513265243777,1.0,1909.810833247554,0.04092451785530472,125.78872247393772,0.14,39.68048477172852,2.0925755500793456e+33,-0.13013727962970734,9017803.0
214,1021.0,0.052571943565216474,1.0,20133.64062142617,0.3355606770237695,116.09231416279594,0.18,46.83476257324218,1.698488116264343e+33,0.09691235423088072,1817578.625
215,1022.0,0.6529772185843293,1.0,24502.428535422434,0.5250520400447665,98.6049223706288,0.14,44.81759262084961,1.9480158090591423e+33,0.10992524027824402,3325364.25
216,1023.0,1.1232764380473756,3.0,31128.9471837419,0.7183603196248131,156.78315055068342,0.13,34.249622344970696,2.3016703128814693e+33,-0.07684095948934555,1710701.625
217,1024.0,1.0775029342265774,1.0,12076.82016376338,0.22644037807056336,123.532745982308,0.16,42.80581283569336,2.166434764862061e+33,-0.03235441073775292,1058005.125
218,1025.0,0.04807661968135876,1.0,30.522339714562964,0.0005087056619093828,173.413496463729,0.18,38.320274353027344,1.6605063676834105e+33,-0.10213282704353333,5202496.5
219,1030.0,1.1270524971689089,1.0,18454.8392261316,0.39546084055996283,56.47802780597089,0.14,59.21858978271485,2.2175207138061523e+33,0.31911951303482056,3595825.75
220,1034.0,0.09886793467364817,1.0,23.057094397529006,0.001115665857944952,89.78637884590876,0.062,31.255353927612305,2.376950502395629e+33,-0.06066076457500458,2303053.25
221,1045.0,0.07289881090964577,1.0,9099.853564808145,0.20999662072634181,173.64008612745175,0.13,32.544715881347656,2.0414004325866692e+33,0.19940346479415894,9319106.0
222,1046.0,0.2880890152914025,1.0,2259.4774813357362,0.11112184334438047,26.20325237860102,0.061,57.38800430297852,1.6794439554214476e+33,0.4504287838935852,3678866.5
223,1047.0,0.052256483631266025,1.0,10323.209971866323,0.2815420901418088,71.7888197965822,0.11,46.55879592895508,1.728886842727661e+33,0.02123420313000679,6464392.5
224,1052.0,0.3899464873203624,1.0,468.05292551682544,0.011701323137920638,80.43370058370472,0.12,45.94152450561523,2.3671331405639648e+33,-0.051143035292625434,2923451.0
225,1053.0,0.040362983629349015,1.0,4134.548494330462,0.07296262048818462,79.4068407158325,0.17,55.033775329589844,1.5227848291397094e+33,-0.12915493547916412,3869378.75
226,1055.0,0.259144146401015,2.0,3217.918722563311,0.19307512335379864,37.14240011182128,0.05,43.63990783691406,2.6558151245117185e+33,0.3878186345100402,4553919.0
227,1061.0,0.051078115267396015,1.0,35999.1842519598,0.6749847047242462,214.58558880508386,0.16,32.478317260742195,1.6298143863677978e+33,-0.14854589104652405,4237691.5
228,1070.0,3.8260299064419683,1.0,2140.4469362091604,0.0583758255329771,178.76185990147087,0.11,29.504802703857425,2.078019857406616e+33,0.13453853130340576,2444297.5
229,1076.0,0.09822839109469056,1.0,5770.035778666272,0.32055754325923724,94.5413384354654,0.054000000000000006,28.42626571655273,2.369675636291504e+33,0.0881562829017639,4669744.0
230,1082.0,0.9522955928970378,2.0,2794.4710619147145,0.08383413185744143,60.798753299816646,0.1,48.23768615722656,1.4558260440826416e+33,0.23729349672794345,1112097.125
231,1084.0,0.12565721426010482,2.0,1602.9611451426454,0.0981404782740395,66.02847866655061,0.049,32.401580810546875,1.5074764490127562e+33,0.1829945147037506,3445899.25
232,1093.0,1.3361733076526834,3.0,33415.87916410358,0.6683175832820716,77.83107125356042,0.15,52.2159194946289,2.5003609657287595e+33,0.056879758834838874,1803062.375
233,1100.0,4.330417825406832,1.0,233.0577364102425,0.006356120083915705,110.91216149463848,0.11,37.4576530456543,1.6365381479263298e+33,0.03433147445321083,1358217.875
234,1104.0,1.1934178016973318,1.0,25552.89047299965,0.5896820878384536,107.42508806860693,0.13,41.37639236450195,2.534126043319702e+33,0.005043815355747938,2978902.0
235,1105.0,0.04363160248359974,1.0,24.328766164623023,0.0020853228141105447,29.39664987313487,0.035,41.04109191894531,1.5793477296829222e+33,0.4280043244361877,8615377.0
236,1106.0,0.1596861399883053,2.0,29336.681195551566,0.5867336239110313,83.10984830169457,0.15,50.53045272827149,2.6526503562927246e+33,-0.002730147447437048,4018088.75
237,1108.0,0.33781676477526723,2.0,26472.502851810626,0.49635942847144926,128.8384436228538,0.16,41.91515350341797,1.697530150413513e+33,0.3025188446044921,2134939.25
238,1114.0,0.035342163276809856,1.0,1423.8631555500522,0.049098729501725946,82.61452485424334,0.087,38.59803771972656,1.4211366176605223e+33,-0.0571572370827198,1742044.25
239,1129.0,0.044334002430693714,1.0,3189.187722989198,0.05315312871648664,181.93770841298303,0.18,37.411808013916016,1.59195077419281e+33,0.21302792429924008,5222341.5
240,1133.0,0.4900926400224772,2.0,25193.47886868251,0.5813879738926733,100.41015369394457,0.13,42.79732894897461,1.8894009590148924e+33,0.3546603918075561,1182476.5
241,1134.0,3.2724689236944884,1.0,3539.73700011701,0.10619211000351031,71.0343091903519,0.1,44.6272087097168,1.9809418916702268e+33,0.09339406341314316,1498031.25
242,1137.0,0.39321754527174757,2.0,4064.7229652742117,0.11085608087111486,69.37200007362443,0.11,47.36287307739258,1.4885098934173583e+33,0.133307084441185,1435857.875
243,1141.0,0.24603947532503623,3.0,13600.59018911451,0.45335300630381714,90.66661123657384,0.08999999999999997,37.47411346435547,1.7781440019607542e+33,0.1438458114862442,1978951.375
244,1142.0,0.043824706559769416,1.0,3086.7998695013894,0.09260399608504168,93.59900574500773,0.1,38.87748718261719,1.5847795009613037e+33,-0.07715088874101639,1519827.5
245,1145.0,0.3288125560113688,1.0,42.4413635404572,0.0015340251882092963,75.89123574778334,0.083,39.334808349609375,2.728452920913696e+33,0.0043945168145000935,2648482.75
246,1148.0,0.06431542565951437,1.0,3578.9691784235442,0.08259159642515872,116.1580083167421,0.13,39.7906379699707,1.9177778959274287e+33,0.051512058824300766,5242400.0
247,1149.0,2.468332303774332,2.0,10870.992402313375,0.4181150923966683,93.03967640655169,0.078,34.438720703125,2.7593586444854733e+33,0.07925334572792052,2431302.25
248,1159.0,3.7019283021164178,1.0,16.00434073267321,0.0007870987245576989,52.62061981520196,0.061,40.496803283691406,2.1321072578430176e+33,-0.11817757040262222,3906639.5
249,1164.0,0.09132272869021468,1.0,6181.350179757303,0.12362700359514606,124.00980077963364,0.15,41.36675262451172,2.2880935668945308e+33,0.1194850355386734,9368772.0
250,1167.0,0.03733694345625006,1.0,5986.080266056584,0.12827314855835537,124.08025543450053,0.14,39.95273208618164,1.4606856107711792e+33,0.03370766341686249,1586741.5
251,1171.0,2.1289699324150275,1.0,957.9947242210168,0.03421409729360774,56.89031722246394,0.084,45.70400619506836,1.8570735454559332e+33,0.1591084599494934,1458101.0
252,1178.0,0.10627816740925002,2.0,5121.126286416251,0.13966708053862503,55.56985316251255,0.11,52.91886520385742,1.559080719947815e+33,0.21855564415454865,2062934.875
253,1180.0,2.7709558552589653,1.0,3652.4152723470256,0.06445438715906515,42.10841040994635,0.17,75.57424926757811,1.4797080755233762e+33,0.13768585026264193,1001011.375
254,1191.0,0.597747690174645,1.0,15692.150521763273,0.3362603683234987,128.83451697035264,0.14,39.20863342285156,1.863770246505737e+33,0.06266841292381288,3368974.0
255,1193.0,0.14419117902102666,1.0,836.1226007283442,0.014755104718735484,157.448933728564,0.17,39.083045959472656,2.7440228462219237e+33,-0.2991858720779419,7522489.0
256,1194.0,0.053895650906900835,1.0,9273.713705992584,0.1464270585156724,68.5576627402505,0.19,62.61560821533203,1.7557002305984497e+33,0.21237502992153168,6618442.0
257,1200.0,3.5776000855173393,2.0,4024.644426517257,0.1829383830235117,67.55234756422665,0.066,37.17795944213867,2.304044246673584e+33,0.3035763204097748,1256289.75
258,1204.0,5.0974859630855285,1.0,220.05576879866965,0.006876742774958426,97.3362951819705,0.096,37.35356140136719,2.365967988967896e+33,0.17527955770492554,2442047.25
259,1208.0,3.5296913145535305,2.0,7280.333310055584,0.28001281961752245,62.604599489010866,0.078,41.983436584472656,2.5378034114837652e+33,0.4997072517871857,1308884.625
260,1229.0,0.06191544163481713,1.0,20043.816908582274,0.5010954227145569,73.04807363188506,0.12,48.20810317993164,1.860413074493408e+33,0.2751270532608032,5455741.5
261,1233.0,3.2890653392786127,2.0,7697.237826470358,0.33958402175604513,71.48573775698806,0.06800000000000002,36.68415832519531,2.6768639087677e+33,0.34058311581611633,1779161.5
262,1237.0,4.5965297023279525,1.0,1278.828465072239,0.02740346710869083,78.19841963044614,0.14,50.326744079589844,1.6661128997802734e+33,0.15622827410697934,1291486.125
263,1241.0,0.38107446903159853,1.0,2588.0828993541954,0.1362148894396945,38.82239592671717,0.057,45.575355529785156,2.2870154380798332e+33,0.3704633116722105,3198968.5
264,1245.0,1.8703352000133768,1.0,21.69372034301051,0.00043387440686021024,94.19756550630173,0.15,47.46348190307617,1.7789920568466178e+33,-0.054788701236248016,4844864.0
265,1248.0,2.4317010272195776,2.0,9613.682930413946,0.3277391908095664,33.489636115489425,0.08799999999999998,60.97052383422852,2.517983198165893e+33,0.30791381001472473,2861778.75
266,1249.0,0.2207136133620739,1.0,37841.15208796073,0.6677850368463658,139.12419607476738,0.17,41.57736206054688,2.1052281856536865e+33,0.1509483903646469,2286451.0
267,1250.0,0.0426634800547524,1.0,2600.665103377396,0.0709272300921108,132.5346813023195,0.11,34.26615524291992,1.5627155303955078e+33,0.13939084112644196,4710844.0
268,1259.0,0.4876894455659474,2.0,11218.761268478122,0.33656283805434367,58.78528429482081,0.1,49.05683135986328,1.983470201492309e+33,0.2565446496009827,4009911.5
269,1260.0,0.07360874204431213,1.0,9771.237552518229,0.3053511735161946,74.56644324416813,0.096,42.67737579345703,2.051987171173096e+33,0.13678976893424988,4883424.0
270,1263.0,0.35804519062536777,1.0,478.99819199822855,0.022453040249916966,33.60925093279437,0.064,51.90322875976562,1.6096073389053345e+33,0.23056091368198395,1720412.0
271,1265.0,0.738151455317782,2.0,85.33776074196345,0.0021334440185490863,69.78012073868486,0.12,49.32403182983398,2.516797780990601e+33,-0.0017118761315941813,3577711.25
272,1267.0,0.09840160252350168,1.0,10907.273517277075,0.3338961280799104,54.62977730650197,0.098,50.37697982788086,2.372276544570923e+33,0.11383648216724394,6460985.5
273,1270.0,0.6817228243832817,1.0,7744.724131528446,0.1936181032882112,62.04685960499056,0.12,52.30756759643554,1.4855133295059203e+33,0.2273620218038559,2224800.75
274,1271.0,0.10251469929820699,2.0,4334.548645565474,0.2000560913337911,27.86017720441885,0.065,57.45112609863281,1.5561748743057252e+33,0.1696508526802063,7243252.5
275,1272.0,0.40451377983723164,2.0,26778.539781131705,0.7303238122126828,96.26658444471049,0.11,40.206138610839844,2.2840747833251948e+33,0.05763836205005645,2645020.5
276,1276.0,2.1949053984395266,1.0,27070.23972416482,0.47771011277937914,140.34151774804442,0.17,41.396648406982415,1.6497504711151122e+33,0.15592102706432345,1783174.0
277,1278.0,0.08028070202192096,1.0,2064.866881934979,0.09245672605679012,46.287937292302225,0.067,45.25194931030274,2.141851425170899e+33,-0.1536092907190323,7419761.0
278,1280.0,1.0227810500229533,2.0,23449.682801683513,0.5024932028932181,124.28399376030822,0.14,39.91997146606445,1.5290266275405882e+33,0.041616570204496384,1442773.875
279,1292.0,4.264904774219622,2.0,8402.382966244742,0.25986751441994055,104.77538864013472,0.09699999999999999,36.19012069702149,2.5831356048583984e+33,0.22498561441898346,1183505.5
280,1293.0,1.0636380826392164,1.0,15391.356520173455,0.24302141873958086,179.1332405059463,0.19,38.73669052124024,1.673403739929199e+33,-0.14820800721645355,2478295.25
281,1296.0,3.4060237752879203,1.0,20.667561701703917,0.00032632992160585135,80.36417463783663,0.19,57.8334846496582,2.6542732715606694e+33,-0.04980137199163437,5100382.0
282,1300.0,0.07647559032060676,1.0,3219.937674214613,0.1061517914576246,97.4598080573273,0.091,36.34475326538085,2.0906217098236083e+33,-0.22601887583732605,4578900.0
283,1301.0,2.3414129294455495,2.0,9586.713845109645,0.3160455113772411,55.27472233989736,0.091,48.26043319702149,1.9070942401885985e+33,0.3245495855808258,1493205.75
284,1304.0,1.157359212669227,2.0,26808.091260779085,0.5026517111396078,95.39491570121795,0.16,48.711463928222656,2.3656828403472892e+33,0.2466592192649841,1682592.875
285,1310.0,1.1318984405710215,2.0,5931.003168803578,0.20451735064839927,62.02529140476393,0.087,44.5460319519043,2.531107187271118e+33,0.20171524584293365,1774981.875
286,1315.0,0.7727229669648435,1.0,20878.60654572121,0.39147387273227274,110.92344184187395,0.16,45.17333221435546,2.0720162391662595e+33,0.19918183982372284,1411376.125
287,1316.0,0.03563697860959335,1.0,966.79945085592,0.016113324180932,98.31633400790231,0.18,50.89290237426758,1.4289300441741944e+33,0.4506164491176605,6899913.0
288,1328.0,0.08292912235344392,1.0,9620.737878690026,0.2945123840415314,90.08593580147156,0.098,39.2300033569336,1.7741911411285398e+33,0.32092610001564026,2072122.125
289,1332.0,4.0656726801169185,1.0,12181.149907511674,0.20301916512519458,193.52306136086858,0.18,36.27468872070313,2.2128887176513667e+33,-0.11443396657705307,1638514.75
290,1337.0,1.4629665686085898,1.0,141.58925412107993,0.0074520660063726275,59.92327667432095,0.057,36.6837272644043,2.3228952884674077e+33,0.2710970640182495,1690689.875
291,1351.0,0.2112683480454492,2.0,2889.191037025591,0.07222977592563977,112.33597931876162,0.12,38.87451553344727,1.7424383163452148e+33,0.014280899427831171,3900418.75
292,1364.0,4.731939555803256,1.0,874.2568091024397,0.020175157133133226,112.67303318633057,0.13,40.40131378173828,2.1144034862518308e+33,0.161867156624794,2133986.25
293,1366.0,1.9784232518564124,1.0,964.2364576492816,0.018079433580924033,51.904050021492516,0.16,66.03788757324217,2.2181205749511717e+33,0.11384951323270798,1002282.1875
294,1378.0,0.30192426940595346,1.0,236.16882762583242,0.003936147127097207,79.24432933435516,0.18,56.68732452392578,1.6000014543533324e+33,0.10853630304336548,4275576.5
295,1392.0,0.8407872606417226,2.0,26960.951629184816,0.47578149933855557,112.5606120609674,0.17,46.22373580932617,2.601618766784668e+33,0.010090256109833716,1902122.75
296,1394.0,0.0354775954008965,1.0,1412.350706225247,0.03259270860519801,92.13028718169454,0.13,44.67908477783203,1.426616668701172e+33,-0.0731968581676483,8245953.0
297,1397.0,0.10738929621557942,1.0,904.624867621134,0.049343174597516394,66.82498479179958,0.055,34.12288284301757,2.4773504734039303e+33,0.06677670031785965,2818022.75
298,1402.0,0.09661287522348805,3.0,5274.6928766442015,0.20821156092016585,72.84825124855787,0.076,38.41767120361328,2.0491130352020263e+33,0.11110370606184006,3326694.5
299,1403.0,0.03679298065522516,1.0,4909.7144532354905,0.16009938434463555,202.6899766601373,0.092,25.340290069580078,1.450016140937805e+33,-0.20715449750423431,1349788.25
300,1404.0,1.3500090524353512,2.0,7290.465292434216,0.15622425626644748,78.57610857055333,0.14,50.20564651489258,2.306069612503052e+33,0.07584026455879211,1043789.6875
301,1408.0,0.06994520872683573,1.0,3271.0722440374607,0.08177680610093653,50.491838010319775,0.12,57.98475646972656,1.8809108734130856e+33,0.020614858716726303,3236272.25
302,1411.0,0.09899082483764858,1.0,3857.0083117200306,0.11571024935160092,58.73415691850885,0.1,49.07817840576172,2.3790359497070311e+33,-0.06089267134666442,3546262.25
303,1412.0,0.12364658923787382,2.0,23205.964199303224,0.43511182873693544,95.59320952801072,0.16,48.66091537475586,1.8574767112731933e+33,0.19368660449981687,4484762.0
304,1414.0,1.0228921731330956,1.0,11268.59078052954,0.26004440262760475,65.22262822961169,0.13,53.10144424438477,1.5562953948974612e+33,0.25043362379074097,2609863.25
305,1425.0,5.042758611254845,1.0,20.55443071588461,0.00047433301652041407,148.37621577354972,0.13,35.20653915405273,2.1299660205841058e+33,0.2015212774276733,2710062.5
306,1429.0,3.355292714076755,1.0,96.06602991783018,0.005239965268245283,69.76175320648454,0.055,33.396923065185554,2.5171306133270266e+33,0.26838618516922,1094433.375
307,1432.0,1.1670785765627112,2.0,13691.112848771822,0.21617546603323928,141.92847697137643,0.19,43.51869201660156,2.4198381900787357e+33,-0.15673550963401794,1121083.125
308,1438.0,0.059751522273722775,1.0,28429.141946708856,0.7107285486677214,139.696590057084,0.12,34.86033248901367,1.8508026599884032e+33,0.12642243504524234,4810661.0
309,1440.0,0.03999091796211925,1.0,3511.1277748475272,0.0877781943711882,95.07187997959184,0.12,42.25697326660156,1.512817025184631e+33,-0.16320987045764926,1364081.875
310,1445.0,0.0581369625042989,1.0,17749.896628844126,0.38035492776094554,112.9586660002878,0.14,41.873382568359375,1.8259708881378173e+33,-0.1718624234199524,4290309.5
311,1461.0,1.325633090564859,2.0,8978.31625943018,0.2448631707117322,58.3634513847161,0.11,51.6368408203125,2.742522001266479e+33,0.10722261667251587,2399959.0
312,1478.0,0.04160961719871135,1.0,11872.41495983883,0.29681037399597077,128.79992219933473,0.12,36.30501556396485,1.4590680599212647e+33,-0.05456385016441345,5013285.5
313,1494.0,1.786954598007096,1.0,42.028526314299455,0.0007880348683931149,76.32410479664229,0.16,54.45815658569336,1.5509952306747436e+33,-0.055117107927799225,1544185.5
314,1495.0,1.5995963396867874,1.0,109.65144591613691,0.004386057836645478,29.463935405850894,0.07499999999999997,60.00936889648438,1.7607972621917722e+33,0.28057658672332764,3874286.75
315,1496.0,0.09275316449543268,1.0,2135.8146200451592,0.04271629240090319,91.0650833114914,0.15,48.272911071777344,2.3026111125946042e+33,-0.08772319555282593,1473520.75
316,1498.0,0.07059812612733142,1.0,2560.387923102047,0.10241551692408192,32.04905934903472,0.07499999999999997,57.53826904296875,2.0108950138092038e+33,-0.02204865403473377,9672592.0
317,1499.0,3.4507642146874353,1.0,49.113200766622526,0.0030069306591809708,29.628407834407806,0.049,48.37017822265625,2.204136848449707e+33,0.22692908346652985,1178336.5
318,1503.0,0.060319678668833324,1.0,14512.091869065545,0.36280229672663866,142.36912371303958,0.12,34.53158569335937,1.8618561029434209e+33,-0.13333174586296082,4210231.5
319,1508.0,0.07692103157390251,1.0,48.97166167728916,0.0010493927502276247,94.37293857299153,0.14,45.81145477294922,2.0972552299499517e+33,-0.18500562012195587,1662753.125
320,1525.0,3.7364263263563995,1.0,36.53716887418402,0.002192230132451041,62.38779936464506,0.05,33.67200469970703,2.494917392730713e+33,0.16808813810348516,2511922.25
321,1526.0,0.09667727265790622,1.0,11662.026137504101,0.29155065343760256,81.9376358119509,0.12,45.51795196533203,2.3508627414703367e+33,0.054959680885076516,2444346.0
322,1527.0,0.09866256843211457,1.0,45613.27521212957,0.8552489102274294,191.53825509523082,0.16,34.376846313476555,1.6507664918899536e+33,0.2822653651237488,3191708.25
323,1534.0,2.164901836318677,2.0,3473.937818067361,0.12709528602685471,58.438337932004785,0.08199999999999999,44.55452346801758,2.750659465789795e+33,0.21196994185447693,2517449.5
324,1535.0,0.04918992604216518,1.0,16316.2637374095,0.2576252169064658,121.1394856013806,0.19,47.1050796508789,1.6819443702697753e+33,-0.5586144328117371,9681013.0
325,1538.0,4.3432668912021075,1.0,195.02229682748936,0.009141670163788564,55.79926288316754,0.064,40.28186416625977,1.8524582386016844e+33,0.3045583069324493,2212776.75
326,1564.0,0.063469704509878,1.0,992.3841763928796,0.019847683527857592,86.88660238318762,0.15,49.4200325012207,1.9065500497818e+33,0.12814581394195554,7671366.0
327,1565.0,3.0096463690645336,1.0,17.46745048292936,0.0004763850131708008,91.33340859526017,0.11,41.27768325805664,1.7618845701217652e+33,-0.1082591712474823,2344173.0
328,1568.0,0.09661835190689444,1.0,533.9579989662423,0.01668618746769507,88.95564212357695,0.096,39.07353210449219,2.3498280048370365e+33,-0.05909958109259605,6055946.0
329,1570.0,0.11255222242557224,1.0,14.517416337545328,0.0007024556292360642,38.349054616122736,0.062,47.82470703125,2.536203861236572e+33,0.0962153747677803,5212538.0
330,1572.0,1.2167386708402792,2.0,9339.203513163899,0.3416781773108744,67.1940732336696,0.08199999999999999,41.5504035949707,2.4835529327392577e+33,0.3635607361793519,1897131.375
331,1574.0,0.5703390599100736,1.0,9581.18622997828,0.19162372459956564,85.86169161785814,0.15,49.71411514282226,2.18493127822876e+33,0.15535314381122586,1065102.25
332,1578.0,0.8742108150801806,2.0,28742.702969687576,0.47904504949479293,65.94828261339117,0.18,62.13957977294922,2.3827574253082274e+33,0.1522274613380432,2818253.25
333,1581.0,0.5926782349737986,1.0,42450.306398984925,0.7075051066497487,108.80434559756523,0.18,48.377891540527344,2.004709005355835e+33,0.31113681197166443,2746130.0
334,1585.0,0.10080023914103592,1.0,4902.3389364902105,0.13370015281336936,115.28405254979799,0.11,36.74053955078125,2.24117922782898e+33,0.05056881159543991,1150426.875
335,1618.0,0.26969685495685386,1.0,44626.22705089922,0.8367417572043604,167.68491963450575,0.16,36.74064636230469,1.7491691112518306e+33,0.24810901284217834,3405230.75
336,1627.0,0.6410463832259693,1.0,75.95735692712591,0.0030793523078564574,86.74383318579872,0.07399999999999997,34.74004364013672,1.9160674810409542e+33,-0.3052479028701782,4254350.5
337,1629.0,0.03948832666418085,1.0,2995.74607430233,0.06913260171466915,135.29002899569642,0.13,36.86995315551758,1.4595054388046266e+33,-0.2457186430692673,1968614.0
338,1636.0,0.08563998383736779,1.0,9053.938959591062,0.20893705291363987,53.215145213703444,0.13,58.78788757324218,2.217382907867432e+33,-0.14255113899707794,7774560.5
339,1637.0,2.9265832593388357,2.0,3710.4533695050077,0.1409032925128484,52.000178290524104,0.079,46.36016082763672,2.517675876617432e+33,0.2319371551275253,1669877.125
340,1648.0,0.05791629172982031,1.0,32458.871437284928,0.6086038394490925,105.06820032719676,0.16,46.41497802734375,1.8205237388610842e+33,-0.010112810879945757,6617280.5
341,1651.0,0.23564797295428505,3.0,4209.06804196757,0.3156801031475677,33.415145977265034,0.04,41.1521110534668,1.498311161994934e+33,0.5849289298057556,5151204.0
342,1664.0,0.3485916152170572,1.0,12776.061587298715,0.22545991036409496,157.41894008974415,0.17,39.086769104003906,1.8704470396041868e+33,-0.11127959191799164,1005026.25
343,1667.0,0.35059585075305083,1.0,2908.285147154964,0.0727071286788741,196.493014102224,0.12,29.39347076416016,1.936923742294312e+33,0.1989528089761734,4238488.0
344,1682.0,0.05751030269320502,1.0,20285.38857169266,0.4057077714338532,155.3277552195249,0.15,36.961952209472656,1.8129847049713126e+33,-0.22960798442363736,3010022.5
345,1683.0,0.06366834624746458,1.0,407.73090198634213,0.01274159068707319,90.90440885473528,0.096,38.652442932128906,1.908541917800903e+33,0.4327487647533417,8872610.0
346,1684.0,0.06852105416935501,1.0,9104.776463930797,0.2101102260907107,59.03802248245678,0.13,55.81354141235352,1.9799690246582028e+33,0.10610875487327576,6175347.5
347,1687.0,1.9928164742577368,2.0,29712.683772695927,0.4952113962115988,93.08459900110056,0.18,52.30354690551758,2.11952805519104e+33,-0.03525043278932572,1637355.0
348,1688.0,0.22376262044992387,2.0,21603.68378127825,0.4985465487987288,82.31701009326221,0.13,47.26728820800781,1.896354675292969e+33,0.21020300686359408,4078568.25
349,1697.0,0.11290816707377588,2.0,29561.96577025629,0.5912393154051259,139.49071292882692,0.15,39.00378799438477,1.727065086364746e+33,0.029266845434904095,3175514.5
350,1705.0,2.187120254084819,1.0,11.823034647513575,0.0005720823216538827,74.20381400786823,0.062,34.38084411621093,2.7744934558868405e+33,0.308298259973526,1258726.125
351,1716.0,0.4272127957597812,2.0,9010.899770733777,0.28455472960211925,48.119419369302655,0.095,52.84883499145508,2.2846362590789795e+33,0.6078291535377502,2363436.0
352,1729.0,0.08433252336046775,1.0,10510.370993505563,0.3542821683204123,59.37307075570154,0.08899999999999998,46.05046844482422,2.1975338459014886e+33,0.26813143491744995,5445846.5
353,1730.0,2.5336023090714064,1.0,803.0612057134811,0.03212244822853926,37.36377819679,0.07499999999999997,53.28918075561523,1.938925504684448e+33,0.009878556244075298,1622594.5
354,1733.0,0.07456947391310262,1.0,87.2503134590388,0.0027552730566012254,41.38155271075019,0.095,56.98915481567383,2.064950704574585e+33,0.22702018916606906,8154587.0
355,1761.0,0.23667264905290555,2.0,15535.20836947997,0.42368750098581737,101.88059129646663,0.11,39.08268737792969,1.5745872259140014e+33,0.15620648860931394,1457151.375
356,1776.0,0.06965071593054603,1.0,1061.4284076226154,0.01675939590983077,169.07390117786846,0.19,39.87239456176758,1.971885919570923e+33,0.11828003078699112,5324381.5
357,1778.0,0.08246784380718812,1.0,9695.49862335567,0.2237422759235924,94.4015652516042,0.13,44.138328552246094,1.5690689086914062e+33,-0.029966631904244426,2152575.0
358,1784.0,0.5686326571119206,2.0,4634.75486070687,0.2015110809002987,32.21010453065907,0.069,55.05062866210938,1.4380114078521727e+33,0.3609251379966736,3504223.75
359,1793.0,1.16855709167297,1.0,4590.853494060375,0.1967508640311589,49.93122972265912,0.07,44.5345115661621,1.537340998649597e+33,0.4863265156745911,2431538.25
360,1795.0,3.8370643729959975,2.0,126.16741698116299,0.0037850225094348895,64.777495756067,0.1,46.73279190063477,2.2349617481231687e+33,0.08672147244215013,1383618.5
361,1796.0,1.125073110910037,2.0,5759.4629212380605,0.2504114313581765,57.6145696624485,0.069,41.16159439086913,1.791772484779358e+33,0.19964776933193207,2494226.75
362,1799.0,0.725209793344532,2.0,282.02419874276757,0.01191651543983525,61.76207698802417,0.071,40.32756805419922,2.731527328491211e+33,0.17370098829269404,5014393.5
363,1804.0,1.6880519757478054,1.0,8042.231443401721,0.12698260173792192,102.6750695687742,0.19,51.16560363769531,1.8462386131286616e+33,0.06141625344753265,2911069.5
364,1824.0,3.4758228368210125,1.0,74.78667476793771,0.0020396365845801196,90.27301853778296,0.11,41.51940917968751,1.6625114679336547e+33,0.012075021862983705,1122602.625
365,1826.0,0.10226650113191095,3.0,4689.6980402960735,0.10822380092990938,113.79622318064821,0.13,40.20143508911133,1.6704351902008057e+33,-0.0884803608059883,1203175.375
366,1840.0,0.9732264242550762,2.0,25670.602300637533,0.4813237931369538,126.06599654812584,0.16,42.3735466003418,1.7471938133239744e+33,0.07461197674274445,1508033.625
367,1856.0,1.6057598438926506,2.0,3810.316650563026,0.13139022932975955,77.17787429690328,0.087,39.93438720703125,1.6548192501068113e+33,-0.04072359949350357,1281780.25
368,1859.0,0.04213115657888802,1.0,1452.307132562574,0.06702955996442649,36.65943803182501,0.065,50.08383560180664,1.5531169176101683e+33,0.00020691876125056297,8801869.0
369,1888.0,0.6185520414615682,2.0,4113.614037670153,0.17629774447157798,70.00781874164636,0.07,37.610538482666016,1.4487738609313965e+33,0.24441426992416385,3401434.25
370,1890.0,1.9469864038209497,1.0,31559.454046651354,0.5569315419997297,108.60329602612623,0.17,47.05835723876953,2.119118452072144e+33,0.5884312987327576,1221216.25
371,1891.0,0.057249584553897566,1.0,4571.155801137187,0.14137595261249034,32.1445161517519,0.09699999999999999,65.33805847167969,1.6839677095413206e+33,0.05153212323784828,9566606.0
372,1894.0,0.08055119384363389,1.0,5096.480393667656,0.08047074305791035,216.6826937346838,0.19,35.220741271972656,2.1472764015197758e+33,-0.002842301269993186,6567393.0
373,1895.0,0.18271988541784406,1.0,117.83964990178944,0.005438753072390281,44.95982133490025,0.065,45.22496032714844,2.5134158134460448e+33,0.4657239615917206,9344870.0
374,1906.0,0.05977509307014173,1.0,12.372576309835011,0.00028552099176542336,115.62819609065308,0.13,39.88169479370117,1.8492403030395507e+33,-0.06870023161172867,6486877.5
375,1911.0,0.2535253255226241,1.0,43.524018128308924,0.0008704803625661787,124.76174163306447,0.15,41.241905212402344,2.60444164276123e+33,-0.15599967539310455,4310321.0
376,1923.0,0.047605961569511815,1.0,5730.489506947613,0.2565890824006394,53.88500053298532,0.067,41.94085311889648,1.6507172584533692e+33,0.2540104389190673,6054336.0
377,1986.0,9.078650660396516,1.0,26.493760362476408,0.0006113944699033017,67.25997177544292,0.13,52.29102325439453,2.6234750747680664e+33,0.4332734644412993,1676369.5
