,ident,com,nplanets,massbudget,massefficiency,sigmag0,md,rc,ms,metal,taugas,qest,ngi,mtr,apert
0,3.0,0.7869500246866163,1.0,3533.961589341942,0.18931937085760406,90.79333656804815,0.04928636169433593,29.539342880249023,0.8801136016845703,0.328145831823349,1644710.625,8.421395301818846,1.0,0.0,0.30000001192092896
1,6.0,1.07302603079053,1.0,5878.484818793046,0.14696212046982615,75.74087794063331,0.10339138269424437,47.34337997436523,0.8615948557853699,0.021272709593176842,1790533.125,4.412694454193115,1.0,0.0,0.30000001192092896
2,7.0,0.6718291793284992,1.0,5.0643740141944615,8.44062335699077e-05,139.4087765353593,0.15159803509712216,42.73906326293945,0.8422113060951232,-0.09257139265537262,2721394.75,2.7166733741760254,0.0,5.0643740141944615,0.30000001192092896
3,16.0,2.1661679281212494,8.0,4.873493501438591,8.600282649597513e-05,118.54372046930463,0.21398698687553408,45.0421371459961,1.2587469816207886,-0.35245949029922485,1107031.75,4.469478130340576,0.0,4.873493501438591,0.30000001192092896
4,17.0,0.6596080280277885,1.0,3.9022964402200127,0.00018882079549451675,35.58773804194665,0.04586331176757812,49.64545059204102,0.7397308349609375,0.12186644971370696,9050091.0,7.257983207702638,0.0,3.9022964402200127,0.30000001192092896
5,22.0,1.5184876665426839,7.0,0.7490179864109711,6.073118808737603e-05,33.50652575164773,0.039168595075607306,39.52482604980469,1.0586106777191162,0.13673268258571625,1188361.5,16.342405319213867,0.0,0.7490179864109711,0.30000001192092896
6,30.0,1.4475663603008184,1.0,0.06074597563761545,7.5932469547019305e-06,23.034847063818717,0.023481605529785156,38.39253234863281,0.9784002304077148,-0.0422348752617836,1282901.75,23.45700454711914,0.0,0.06074597563761545,0.30000001192092896
7,31.0,1.1570086594411753,1.0,3.4587619571100707,0.00010808631115968971,86.54608385539488,0.09538073730468752,39.61372756958008,0.9935493469238282,-0.03150779381394386,1439538.875,5.99191188812256,0.0,3.4587619571100707,0.30000001192092896
8,37.0,2.493946307915489,11.0,1.4309559125227815,8.09975044824216e-05,40.20667561445765,0.07239902651309968,43.18397903442383,1.3660193681716921,-0.08728766441345216,2494020.5,15.270169258117676,0.0,1.4309559125227815,0.30000001192092896
9,38.0,1.3299922196049097,3.0,0.38549312170686884,2.9653317054374527e-05,38.00768595345026,0.03860825461149216,38.1004753112793,0.9899552464485168,-0.12510091066360474,4206453.5,14.707230567932127,0.0,0.38549312170686884,0.30000001192092896
10,39.0,2.149295039029044,11.0,1.001348107253605,0.00010013481072536052,27.794958420532552,0.0389037537574768,39.07611846923828,1.2967917919158936,0.0021624015644192696,5853356.5,24.72868156433105,0.0,1.001348107253605,0.30000001192092896
11,44.0,1.3751823925540998,1.0,0.05503745080842872,5.003404618948066e-06,22.374695527069346,0.0334845825433731,45.67853927612305,1.0146843194961546,-0.09399397671222688,3587078.25,18.599985122680664,0.0,0.05503745080842872,0.30000001192092896
12,49.0,2.1468103863199626,10.0,0.6682386169699014,4.2653528742759665e-05,37.7351192063217,0.05933725011348724,41.97685241699219,1.262494683265686,-0.17170435190200806,1553983.5,15.678173065185547,0.0,0.6682386169699014,0.30000001192092896
13,52.0,1.214308058087459,1.0,4.081891447054869,8.746910243689005e-05,73.28006950473532,0.11631449460983279,51.98821258544922,0.8308178186416627,-0.04357607662677765,8286727.0,3.770594596862793,0.0,4.081891447054869,0.30000001192092896
14,54.0,2.5491314440741526,1.0,5.763969953299041,0.0002305587981319617,47.9115642960319,0.10455349981784816,47.05916976928711,1.394046664237976,0.12445628643035887,6763758.5,11.196473121643066,0.0,5.763969953299041,0.30000001192092896
15,55.0,2.3307545026911662,1.0,96.89078580405567,0.0030597090253912315,48.90630470063704,0.13031530976295472,52.42195129394531,1.3717401027679443,0.007457501720637083,2610816.25,8.98542881011963,1.0,0.0,0.30000001192092896
16,58.0,2.116141696540721,8.0,2.921730173815765,0.000136956101897614,37.67167991001311,0.07612966156005858,49.02485275268554,1.1895259618759153,-0.07295645028352737,2143751.75,11.236572265625,0.0,2.921730173815765,0.30000001192092896
17,67.0,1.0485798018230252,1.0,5.593304654154227,0.00011985652830330486,118.85810172432228,0.12263705253601076,40.82098007202149,0.875978946685791,0.31852635741233826,7846054.0,3.5488131046295166,0.0,5.593304654154227,0.30000001192092896
18,70.0,2.261735839746953,4.0,5.00263319585768,8.337721993096134e-05,113.75062599737949,0.22430170297622676,47.31438064575195,1.2461205720901487,-0.2762344181537628,1161630.0,4.152087688446045,0.0,5.00263319585768,0.30000001192092896
19,71.0,1.8319304049665133,1.0,1.3161710387416006,5.4840459947566684e-05,105.5662659422876,0.08398727703094482,31.06257629394531,1.1664899587631223,-0.3273562788963317,3467965.25,8.814970970153809,0.0,1.3161710387416006,0.30000001192092896
20,74.0,1.952183255764571,2.0,5.38106972021604,0.00016306271879442543,64.51940527340176,0.1204414705038071,46.59144973754882,1.2165805101394656,-0.1516391783952713,2310204.0,7.408150672912598,0.0,5.38106972021604,0.30000001192092896
21,76.0,1.717439929491038,3.0,8.459945053315332,0.0005287465658322082,36.81551384656851,0.05032049560546875,42.947608947753906,1.0483436584472656,0.4394732415676117,1118237.75,12.922202110290527,0.0,8.459945053315332,0.30000001192092896
22,79.0,1.0246540014202767,3.0,1.3707111785711512,0.00011748952959181295,21.379011839681393,0.03204957365989685,48.12536239624024,0.9157021045684814,0.15091967582702634,3270797.75,15.919713020324707,0.0,1.3707111785711512,0.30000001192092896
23,83.0,2.26476356792785,6.0,0.7486721626535066,4.3192624768471525e-05,35.236000111169524,0.07144579696655273,45.69221115112305,1.3739576339721677,-0.1873672604560852,3237752.25,15.873957633972168,0.0,0.7486721626535066,0.30000001192092896
24,100.0,0.9411825965772226,3.0,0.20597408727976996,6.790354525706703e-06,49.35008345478274,0.074236634850502,51.07525634765625,0.8157871961593627,-0.20622310042381287,1211111.5,5.543700695037842,0.0,0.20597408727976996,0.30000001192092896
25,101.0,1.96946103731928,1.0,236.93625214401555,0.010453069947530097,67.86498127130538,0.08996851205825807,37.6500358581543,1.3230663537979124,0.5345776677131653,5407527.5,11.064424514770508,1.0,0.0,0.30000001192092896
26,104.0,0.9628944128323614,1.0,2518.256006656791,0.12185109709629637,32.36885895988091,0.05805541026592253,52.055419921875,0.9363775849342344,0.15954911708831787,4090927.75,9.3534517288208,1.0,0.0,0.30000001192092896
27,105.0,1.7678937470462797,1.0,2.08846795998602,6.26540387995806e-05,62.405530140244856,0.10672284364700323,47.61264038085938,1.0672284364700322,-0.5338367819786072,5748169.0,6.296571731567383,0.0,2.08846795998602,0.30000001192092896
28,112.0,1.4705279780232503,1.0,4.443874096626705,0.00026140435862510034,47.730191249452716,0.05797555625438691,38.87964630126953,1.136775612831116,0.11351147294044495,5794202.0,12.925046920776367,0.0,4.443874096626705,0.30000001192092896
29,116.0,1.2054115700818433,1.0,1.6280607519309356,4.44016568708437e-05,49.90601786814571,0.09310880839824678,55.841064453125,0.8464437127113343,-0.1845392733812332,1096708.25,4.69955587387085,0.0,1.6280607519309356,0.30000001192092896
30,121.0,0.9653981450595877,1.0,525.5370421576048,0.023531509350340513,50.62796988041472,0.05010227203369141,43.268909454345696,0.7477951049804688,-0.10997831076383592,3426909.25,6.599697589874268,1.0,0.0,0.30000001192092896
31,124.0,0.7548890079763287,2.0,2.392232360663905,5.5205362169167036e-05,75.49159067992576,0.11092174410820006,49.35784530639648,0.8532441854476928,-0.1987774521112442,1872714.0,3.936813116073608,0.0,2.392232360663905,0.30000001192092896
32,125.0,1.0427115820916524,1.0,6.510738413163803,0.0002604295365265522,39.915229857347065,0.07278934568166733,51.55788803100586,0.970524609088898,0.18405357003211967,8905718.0,7.985199928283691,0.0,6.510738413163803,0.30000001192092896
33,131.0,1.0604706795932621,1.0,229.09783542043016,0.019091486285035843,27.25847257338912,0.03936013412475586,43.22492980957031,1.093337059020996,0.36245873570442205,2556358.0,17.81018829345703,1.0,0.0,0.30000001192092896
34,136.0,1.8643937736392502,14.0,1.3878202952873893,7.05671336586808e-05,40.61762489067301,0.07185195255279542,45.33175659179688,1.217829704284668,-0.040643136948347085,1516927.5,12.278306007385256,0.0,1.3878202952873893,0.30000001192092896
35,142.0,1.3370437506824824,1.0,2.3256632535166926,0.00010901546500859497,20.619778076179927,0.06742486572265625,66.26463317871094,1.053513526916504,0.0658925324678421,6819953.0,10.852336883544922,0.0,2.3256632535166926,0.30000001192092896
36,147.0,1.6400717722709326,1.0,0.07206803751473399,4.412328827432694e-06,34.47495707912855,0.054514331817626965,44.84148406982422,1.1125373840332033,-0.3015170991420745,2187391.0,13.655440330505373,0.0,0.07206803751473399,0.30000001192092896
37,149.0,2.1221762607827857,6.0,4.099819339042856,0.00014642211925153055,71.63981394229783,0.10793437957763673,40.728294372558594,1.284933090209961,-0.16219845414161682,2324535.25,8.865150451660156,0.0,4.099819339042856,0.30000001192092896
38,152.0,1.0010384195561102,1.0,1.7615428422126023,0.00011743618948084016,26.657398882466694,0.048252591490745525,48.86874389648438,1.072279810905456,-0.14475125074386594,8615706.0,14.368733406066895,0.0,1.7615428422126023,0.30000001192092896
39,154.0,1.3503738201699662,2.0,4.445330099213826,0.00024247255086620867,27.30125718314981,0.05252022594213486,53.38556289672852,0.9549131989479065,-0.13225632905960086,9304095.0,10.802700996398926,0.0,4.445330099213826,0.30000001192092896
40,164.0,1.8175326458680376,12.0,1.2674190576170672,5.849626419771079e-05,28.49540784804432,0.07799893379211426,56.80715560913086,1.1999835968017578,-0.03305743634700775,1665639.25,11.663736343383787,0.0,1.2674190576170672,0.30000001192092896
41,165.0,1.5673966474014842,2.0,0.13234283394271207,5.514284747613002e-06,56.53032277602125,0.0863697910308838,42.448204040527344,1.199580430984497,-0.5450735092163086,2150280.75,9.840662956237793,0.0,0.13234283394271207,0.30000001192092896
42,167.0,3.228935012091476,1.0,26.57087209510604,0.000613173971425524,103.26962919537077,0.176624573469162,42.20065307617188,1.3586505651474,-0.19906064867973328,2052130.75,6.101938247680664,1.0,0.0,0.30000001192092896
43,169.0,1.1198169602479513,2.0,0.11262272164728362,8.446704123546272e-06,25.296917853421483,0.039092314243316655,47.296607971191406,0.9773078560829163,-0.1604723185300827,2373231.75,14.749770164489744,0.0,0.11262272164728362,0.30000001192092896
44,170.0,1.7841069911951222,9.0,1.1851475836045187,4.8046523659642674e-05,43.71095677438879,0.08701874232292171,48.93893432617188,1.1759289503097534,-0.051487810909748084,1070961.875,9.613228797912596,0.0,1.1851475836045187,0.30000001192092896
45,173.0,2.010971506154752,5.0,0.500565780949012,4.550598008627382e-05,29.17867893705252,0.04159982264041901,39.999813079833984,1.2606006860733032,-0.057775989174842834,2786924.5,22.129661560058594,0.0,0.500565780949012,0.30000001192092896
46,174.0,1.4644845521022811,1.0,2.114278884750955,0.0001268567330850573,28.907738716788675,0.0476318269968033,49.4665641784668,0.952636539936066,0.08479616045951842,4208751.0,11.552375793457033,0.0,2.114278884750955,0.30000001192092896
47,176.0,0.7215675983301344,1.0,0.9232335085330714,4.014058732752484e-05,44.15681500936107,0.048583674073219306,47.017494201660156,0.7041112184524536,-0.2980983257293701,8577864.0,6.182992458343506,0.0,0.9232335085330714,0.30000001192092896
48,177.0,2.133881982740168,6.0,0.6871653129257067,4.794176601807256e-05,20.048583222971214,0.05776573359966278,55.08409118652344,1.3433891534805298,0.034959807991981506,6680684.0,19.642627716064453,0.0,0.6871653129257067,0.30000001192092896
49,179.0,1.4149376598687389,1.0,21.913986303047814,0.0005478496575761954,42.79814814174056,0.13290810585021973,62.981346130371094,1.107567548751831,0.16390767693519592,8080991.5,5.76975154876709,1.0,0.0,0.30000001192092896
50,180.0,1.026845347583235,5.0,0.39891287474641157,2.4932054671650722e-05,22.78040885712036,0.04088920497894287,54.59761428833008,0.8518584370613098,0.04322880133986472,1531825.25,11.177523612976074,0.0,0.39891287474641157,0.30000001192092896
51,188.0,1.2053835295974746,7.0,0.6197450297987687,1.6902137176330054e-05,57.88849496409765,0.1093548458814621,51.84823989868164,0.9941349625587463,-0.2733397483825684,1128326.75,5.8476104736328125,0.0,0.6197450297987687,0.30000001192092896
52,192.0,1.6193708078574773,6.0,2.6639265927500078,0.00024217514479545527,44.037245744672575,0.03413540804386139,32.559722900390625,1.034406304359436,-0.013786925002932549,1863654.875,17.468025207519535,0.0,2.6639265927500078,0.30000001192092896
53,196.0,2.4387480313141756,1.0,5476.374440687185,0.13690936101717963,42.01319077412777,0.15961790084838867,63.56698226928711,1.3301491737365723,0.4445274472236633,3657238.0,7.301686763763428,1.0,0.0,0.30000001192092896
54,198.0,2.6202456673259373,1.0,3.9211504108564084,6.919677195628956e-05,195.16434792342068,0.20950442314147952,35.104114532470696,1.2323789596557617,-0.31398168206214905,3246289.75,4.0969934463500985,0.0,3.9211504108564084,0.30000001192092896
55,202.0,2.179821944002033,14.0,2.05373963280528,6.770570218039384e-05,47.004239682897605,0.11621100926399229,52.33424758911133,1.2770440578460691,-0.11696246266365053,1140790.5,8.70472526550293,0.0,2.05373963280528,0.30000001192092896
56,206.0,1.9530402955167945,10.0,0.9007959327696677,4.741031225103514e-05,22.547623227570824,0.07108523654937743,59.80270767211914,1.2471094131469724,-0.046956621110439294,3242695.25,13.978315353393555,0.0,0.9007959327696677,0.30000001192092896
57,210.0,0.6768480603878462,2.0,2.058525588439884,0.00017644505043770432,38.441447978825344,0.025243478715419772,35.88954544067383,0.7212422490119934,-0.11822047829627992,8994064.0,11.69745922088623,0.0,2.058525588439884,0.30000001192092896
58,220.0,1.5824437202139912,8.0,0.7846588002943526,4.904117501839704e-05,35.4899160823871,0.05186658096313477,43.742332458496094,1.0805537700653076,-0.02381771989166737,1705513.625,13.27882480621338,0.0,0.7846588002943526,0.30000001192092896
59,223.0,1.696869920724821,6.0,0.46478467110202054,6.337972787754825e-05,19.794306087542367,0.02403909850120545,39.65290451049805,1.0926862955093386,0.19867317378520968,2418689.0,28.48934936523437,0.0,0.46478467110202054,0.30000001192092896
60,224.0,1.4357526455547165,1.0,36.26821008970755,0.0006044701681617925,232.83909469716167,0.16475520372390753,33.070602416992195,0.9153066873550418,-0.3480483591556549,1103820.75,2.732475757598877,1.0,0.0,0.30000001192092896
61,229.0,0.9820419643743404,1.0,4.0320562954096655,0.00012096168886228997,117.05380610475454,0.09710620641708376,34.764904022216804,0.9710620641708375,-0.18802431225776672,1357819.375,5.431809425354004,0.0,4.0320562954096655,0.30000001192092896
62,230.0,0.8424982629123878,1.0,2.965473865218962,8.986284440057461e-05,95.57144656414408,0.08295539098978043,38.28135681152344,0.8379332423210144,-0.08889047056436537,1209783.375,4.847425937652588,0.0,2.965473865218962,0.30000001192092896
63,234.0,2.0481390747770796,7.0,0.4999273142509685,2.3434092855514147e-05,23.612370452703644,0.07747562408447266,61.92328643798828,1.2105566263198853,-0.17263585329055786,2646402.75,12.125089645385742,0.0,0.4999273142509685,0.30000001192092896
64,235.0,1.8160806010581816,1.0,2.6678967842241343,0.0002163159554776325,41.91567479843499,0.04393246293067933,35.33836364746094,1.187363862991333,0.07222350686788559,7500018.5,18.007734298706055,0.0,2.6678967842241343,0.30000001192092896
65,237.0,2.328705315047794,3.0,39.5492793079677,0.0015018713661253558,60.77815257644247,0.09891450548171996,42.8818588256836,1.2520823478698728,0.19203628599643707,1041198.8125,9.34837818145752,1.0,1.1813018554764103,0.30000001192092896
66,239.0,0.5822849942455138,1.0,5.820864247226213,0.00017818972185386367,34.54066524977961,0.07484935915470124,63.35508728027344,0.7637689709663391,0.17786920070648193,2421852.25,5.055571556091309,0.0,5.820864247226213,0.30000001192092896
67,243.0,0.6970951296272058,1.0,2.612766050488018,0.00019595745378660133,22.9363145663588,0.029580881595611574,49.67089462280274,0.7395220398902893,0.27768489718437195,1090800.125,11.379639625549315,0.0,2.612766050488018,0.30000001192092896
68,246.0,1.5750789155123788,10.0,1.3213324129916686,8.434036678670226e-05,32.02726887242044,0.051333452343940725,45.5640983581543,1.0922011137008665,0.169122114777565,1693534.0,13.941476821899414,0.0,1.3213324129916686,0.30000001192092896
69,248.0,1.2822385183660767,1.0,698.1887298456163,0.026853412686369857,41.47868775855977,0.08967038297653196,51.57848739624024,1.1496202945709226,0.13728898763656616,1561402.875,9.147107124328613,1.0,0.0,0.30000001192092896
70,254.0,1.5745094160788016,1.0,3.9024952232899244,0.00011825743100878559,63.450518717441255,0.10896269309520724,46.98225021362305,1.1006332635879519,-0.035414744168519974,2758030.5,6.71231746673584,0.0,3.9024952232899244,0.30000001192092896
71,260.0,1.409719948976876,1.0,3.0031608812627746,9.792915917161223e-05,89.02098968861652,0.1147381458282471,38.23679733276367,1.2471537590026858,-0.2936789393424988,3778885.25,7.732921600341798,0.0,3.0031608812627746,0.30000001192092896
72,263.0,2.557778749051761,14.0,1.326163776685262,0.00017297788391546897,17.844212652208512,0.032087489128112795,42.70207977294922,1.395108222961426,0.20070610940456396,7242379.5,35.836917877197266,0.0,1.326163776685262,0.30000001192092896
73,276.0,2.1169031237219675,9.0,24.686302319473878,0.0008611500809118796,62.14587340045551,0.10663830924034118,44.24629211425781,1.2399803400039673,-0.13838404417037964,2086532.75,8.608709335327147,1.0,1.0431694430744876,0.30000001192092896
74,277.0,1.2170856316728333,3.0,1.5400612918511183,8.884968991448759e-05,47.038583475416075,0.05018957281112671,39.54652786254883,0.9651840925216674,-0.23840928077697754,2985134.5,10.657984733581543,0.0,1.5400612918511183,0.30000001192092896
75,284.0,0.47884922587924433,2.0,2.288475482496011,0.0001634625344640008,14.135197069881759,0.030000060796737667,64.83470153808594,0.7142871618270873,0.07397608458995819,5293373.0,11.00556182861328,0.0,2.288475482496011,0.30000001192092896
76,288.0,1.0346323881527737,1.0,1858.822649621249,0.06409733274556031,34.34178148839218,0.07877366656064987,59.86624526977539,0.9054444432258606,0.2023999243974685,1875409.75,6.6636905670166025,1.0,0.0,0.30000001192092896
77,289.0,1.6015969341792486,6.0,4.331357051971552,0.0003169285647784063,28.88854916215309,0.047569983959197995,44.808753967285156,1.1602435111999512,0.279024213552475,2513458.5,16.688390731811527,0.0,4.331357051971552,0.30000001192092896
78,293.0,2.4609004244280217,1.0,59.60432197800834,0.0016255724175820456,51.97341304032381,0.1440157425403595,54.71917343139648,1.3092340230941772,0.0736978203058243,2107424.25,7.134947776794434,1.0,0.0,0.30000001192092896
79,295.0,2.4910049286861953,10.0,1.5040734442083141,9.208612923724372e-05,21.042412494862038,0.06705392372608185,57.39632415771485,1.3684474229812622,0.10385175049304962,5095653.0,17.554962158203125,0.0,1.5040734442083141,0.30000001192092896
80,297.0,1.272987041517198,5.0,0.7777903414140066,2.5090011013355055e-05,22.113121768621895,0.092257378757,77.13478088378906,0.9920148253440861,0.15618014335632324,1064389.0,7.292759895324707,0.0,0.7777903414140066,0.30000001192092896
81,300.0,2.5797905721185947,9.0,2.9814449642181833,8.94433489265455e-05,72.11617191388522,0.13541969060897827,44.291202545166016,1.3541969060897825,-0.01722282916307449,1074094.875,7.973488330841064,0.0,2.9814449642181833,0.30000001192092896
82,303.0,0.4327621063267218,1.0,1.239395454408762,5.31169480460898e-05,52.045972960650644,0.050499582886695885,43.620361328125,0.721422612667084,-0.0491064302623272,2724434.0,6.112753868103027,0.0,1.239395454408762,0.30000001192092896
83,304.0,1.009741915514352,5.0,1.4033328414347839,6.47692080662208e-05,61.318686363527966,0.05401714444160462,38.72523498535156,0.8310329914093018,-0.10342949628829956,1180775.75,7.399733543395997,0.0,1.4033328414347839,0.30000001192092896
84,305.0,1.746726037969843,1.0,5445.810818102756,0.10210895283942667,102.3185354108112,0.21534793853759765,47.0345115661621,1.3459246158599854,-0.061314616352319724,3405873.5,4.991944789886475,1.0,0.0,0.30000001192092896
85,310.0,0.9166060502936085,1.0,2.274692353611476,9.611376142020322e-05,54.763246698378836,0.05594198131561278,42.82707214355469,0.7879152297973632,-0.16974389553070068,3097924.0,6.5619378089904785,0.0,2.274692353611476,0.30000001192092896
86,318.0,0.8880606890511632,2.0,0.16525610546466163,1.709545918599948e-05,42.74997274553159,0.02341734284162521,30.97882080078125,0.807494580745697,-0.0300474651157856,1935027.0,15.155702590942385,0.0,0.16525610546466163,0.30000001192092896
87,324.0,0.6292348918589501,1.0,0.6270540914374743,4.0894832050270065e-05,28.987126655780678,0.03492271637916565,47.38164520263672,0.7591894865036011,-0.2827781140804291,4977960.5,9.997983932495117,0.0,0.6270540914374743,0.30000001192092896
88,326.0,1.6184319129217457,1.0,2084.673794493524,0.06254021383480572,70.58183864831848,0.10942580699920655,44.77002334594727,1.0942580699920654,-0.02818581834435463,3549338.5,6.424548149108888,1.0,0.0,0.30000001192092896
89,327.0,0.9166233363125343,2.0,2.7333615613713804,8.723494344802277e-05,70.70573004725837,0.08165928733348847,43.36810302734375,0.8687158226966858,-0.3785292506217957,1793133.125,5.43600368499756,0.0,2.7333615613713804,0.30000001192092896
90,331.0,1.4239706664536202,1.0,1.04907311104455,4.6973422882591783e-05,32.97425689190252,0.06740040540695193,53.61467742919922,1.00597620010376,-0.2255412936210633,4456642.0,9.321273803710936,0.0,1.04907311104455,0.30000001192092896
91,334.0,2.156098307582,10.0,1.638306582723623,6.826277428015095e-05,38.14538206340527,0.09073285675048831,51.67483139038086,1.2601785659790041,0.02763703092932701,1185720.875,10.857877731323242,0.0,1.638306582723623,0.30000001192092896
92,336.0,2.0396351915944444,1.0,212.07960151982695,0.007665527765776878,71.30177607484096,0.11257595705986023,40.58099365234375,1.3563368320465088,0.08531533181667328,4037794.5,9.535161972045898,1.0,0.0,0.30000001192092896
93,338.0,1.626693615208244,5.0,2.417207185617542,8.43211808936352e-05,65.20310444326215,0.08467185866832734,43.196533203125,0.9845564961433412,-0.06619969010353087,1050678.625,6.7768802642822275,0.0,2.417207185617542,0.30000001192092896
94,339.0,2.474406363841416,1.0,1060.8679397005656,0.03700702115234531,71.5626413635382,0.11532845711708067,41.23251724243164,1.3410285711288452,-0.046511460095644004,3286599.25,9.136834144592283,1.0,0.0,0.30000001192092896
95,352.0,0.5749871181746765,1.0,1.9330203728796904,0.00010543747488434674,46.0964548046589,0.041219502389431006,41.08481979370117,0.7494454979896547,-0.2979262471199036,6360569.5,7.893233776092528,0.0,1.9330203728796904,0.30000001192092896
96,354.0,2.0858718394460647,2.0,3.8153208036313364,0.0001144596241089401,82.14951986996773,0.12377666234970093,41.49839401245117,1.2377666234970093,-0.2928318083286285,3103653.75,6.9457149505615225,0.0,3.8153208036313364,0.30000001192092896
97,366.0,1.0536753617727397,1.0,0.05523849814373751,5.345661110684276e-06,23.452356332963696,0.024281852304935455,43.24355697631836,0.7832855582237244,0.02720407582819461,1207018.75,14.687911033630373,0.0,0.05523849814373751,0.30000001192092896
98,367.0,1.6520679760447392,8.0,2.052293883012746,0.00010994431516139713,41.33818204424272,0.06342681217193603,43.77761840820313,1.1326216459274292,0.06267925351858139,1941328.625,12.041543006896973,0.0,2.052293883012746,0.30000001192092896
99,368.0,0.6576743853779354,2.0,1.6961753448114676,0.00013752773066038926,27.903813532344106,0.02853466469049454,43.311466217041016,0.7712071537971497,-0.06971651315689087,4978271.5,12.363253593444824,0.0,1.6961753448114676,0.30000001192092896
100,371.0,1.4915887496839473,1.0,1.2662094105981172,3.4532983925403197e-05,41.210581687105844,0.11646907329559326,61.4505500793457,1.058809757232666,-0.40083178877830505,3428501.0,6.406673908233643,0.0,1.2662094105981172,0.30000001192092896
101,373.0,0.5814728426980266,1.0,0.9617166889644737,8.742878990586125e-05,19.67301976291097,0.02776632678508759,48.71416473388672,0.8414038419723512,0.03753870725631714,6466412.5,15.708073616027832,0.0,0.9617166889644737,0.30000001192092896
102,380.0,1.469573963063423,8.0,0.9615963977714155,5.769578386628493e-05,34.43957186462809,0.05170172452926636,45.32000350952149,1.0340344905853271,0.11919660866260527,1027830.0625,12.388647079467773,0.0,0.9615963977714155,0.30000001192092896
103,383.0,1.092899651323505,2.0,0.15090208546822403,1.561056056567835e-05,23.907796421569124,0.025005280256271356,41.425048828125,0.862251043319702,0.13069690763950348,2984881.25,17.590925216674805,0.0,0.15090208546822403,0.30000001192092896
104,387.0,1.1820732198552968,1.0,296.63011791050224,0.00808991230665006,66.19328150607714,0.11140170335769653,48.48676300048828,1.0127427577972412,0.06480557471513748,4482305.0,5.593713760375977,1.0,0.0,0.30000001192092896
105,388.0,1.929252206592901,3.0,3.2529158220206664,0.00015013457640095383,30.924994091850692,0.07956873893737794,54.53002166748047,1.2241344451904297,-0.11442179977893828,6825231.0,11.819916725158693,0.0,3.2529158220206664,0.30000001192092896
106,392.0,1.2189073710460052,2.0,7.17680336451388,0.00019573100085037854,79.59852057372487,0.10054213464260102,44.215816497802734,0.9140194058418274,-0.1936325877904892,1540610.0,5.1406354904174805,0.0,7.17680336451388,0.30000001192092896
107,408.0,1.3933910983059257,2.0,0.14012643116615195,4.831945902281102e-06,39.86681104763039,0.0899964598417282,55.563255310058594,1.0344420671463013,-0.25527143478393555,3008503.5,7.511418342590332,0.0,0.14012643116615195,0.30000001192092896
108,409.0,1.9739192101763845,1.0,0.0629919147747362,4.845531905748939e-06,18.478156224954667,0.04561798954010009,54.64328384399414,1.1696920394897459,-0.16832175850868225,1210106.25,18.966611862182614,0.0,0.0629919147747362,0.30000001192092896
109,411.0,2.9304114337392764,1.0,3.603102918079138,6.755817971398383e-05,117.553491007052,0.2150513648986816,43.880950927734375,1.34407103061676,-0.3007563352584839,6842255.0,4.889523506164551,0.0,3.603102918079138,0.30000001192092896
110,412.0,1.5883005281144704,5.0,0.36851346327653817,1.9741792675528833e-05,26.236400491054425,0.06122759628295898,54.95101165771485,1.0933499336242676,-0.07286673039197923,1707553.375,12.154003143310547,0.0,0.36851346327653817,0.30000001192092896
111,419.0,1.979748783906241,4.0,0.3780764656758456,2.3629779104740348e-05,62.311305832433185,0.05628779411315918,33.01193618774414,1.172662377357483,-0.35121509432792664,2206075.0,13.46864414215088,0.0,0.3780764656758456,0.30000001192092896
112,425.0,1.243055596363991,7.0,0.5780685498832032,3.0424660520168592e-05,28.146254313498808,0.05549575889110564,53.5255241394043,0.9736098051071165,-0.05191139131784439,2015308.5,10.692879676818848,0.0,0.5780685498832032,0.30000001192092896
113,432.0,2.1022891805647776,1.0,5.870617619373874,0.00010359913445953896,81.03166210700655,0.19307493567466738,54.47922134399414,1.1357349157333374,-0.07536013424396515,7717246.0,4.1372408866882315,0.0,5.870617619373874,0.30000001192092896
114,436.0,2.2989048298652976,7.0,4.249929781865581,0.00010624824454663953,105.20970174963293,0.16120079040527346,40.16950988769531,1.3433399200439455,-0.08410441875457764,1073882.875,6.314268112182617,0.0,4.249929781865581,0.30000001192092896
115,438.0,2.5631181146599653,1.0,6.7189956558495165,0.0003599461958490813,56.83162398302321,0.07090825843811036,37.33642959594727,1.2662189006805422,-0.11051544547080994,8900235.0,12.863525390625,0.0,6.7189956558495165,0.30000001192092896
116,440.0,2.905594261036032,1.0,2.889657354948185,5.779314709896371e-05,85.30646711189884,0.19314392209053038,49.87563705444336,1.2876261472702026,-0.2454306036233902,1996555.0,5.245699882507324,0.0,2.889657354948185,0.30000001192092896
117,446.0,1.7335773728018309,3.0,0.20604484271078816,2.6875414266624544e-05,12.308665815402234,0.024159927010536195,51.415283203125,1.0504316091537476,0.18585574626922607,1666156.25,27.9241943359375,0.0,0.20604484271078816,0.30000001192092896
118,458.0,1.5601016704522535,6.0,4.013068453065744,0.00020405432812198697,55.0614192993222,0.06420587325096132,38.93463516235352,1.088235139846802,0.029805643483996395,1561057.75,10.52591037750244,0.0,4.013068453065744,0.30000001192092896
119,466.0,2.033028074624207,10.0,1.7360705674901007,9.644836486056114e-05,39.70941664439068,0.06450290822982789,43.86154556274415,1.1944983005523682,0.004418198484927416,1931331.25,13.194414138793945,0.0,1.7360705674901007,0.30000001192092896
120,471.0,0.4947252625436336,1.0,0.99078453125689,4.0166940456360426e-05,43.30848641119733,0.053666034817695586,49.16580581665039,0.7252166867256163,-0.07271340489387512,1690119.875,6.0113396644592285,0.0,0.99078453125689,0.30000001192092896
121,480.0,2.7476274131558114,1.0,2.6967316376581234,0.00010240753054397937,52.24700638227911,0.10897030329704285,46.25052261352539,1.379370927810669,-0.4072881340980529,9568847.0,10.544314384460447,0.0,2.6967316376581234,0.30000001192092896
122,481.0,1.0488420954165545,1.0,4.439387811546432,0.000416192607332478,27.754006142122826,0.029852043151855474,40.38740539550781,0.9328763484954835,0.017115145921707153,8105471.0,16.848289489746097,0.0,4.439387811546432,0.30000001192092896
123,482.0,2.189359376602818,2.0,6.532321973758771,0.0005763813506257739,23.306998881897076,0.04067516160011292,45.42867660522461,1.1963282823562622,0.2588008940219879,6085377.0,21.05753517150879,0.0,6.532321973758771,0.30000001192092896
124,489.0,0.5545208123268649,2.0,3.86422091469683,0.00015880359923411632,40.26682068399197,0.05372705155611037,50.64324951171875,0.7359870076179504,0.07900455594062805,1861683.25,6.153797149658202,0.0,3.86422091469683,0.30000001192092896
125,495.0,1.2239873703041941,1.0,5359.997364126286,0.14618174629435327,46.32700203609044,0.10491458654403686,57.95795440673828,0.9537689685821533,0.025102127343416214,2598470.25,5.686945915222168,1.0,0.0,0.30000001192092896
126,498.0,1.6975635004266738,12.0,1.2420716948061288,6.210358474030644e-05,22.53963640780653,0.06790710926055908,61.36715316772461,1.1317851543426514,0.09561826288700104,1043688.5,12.06131649017334,0.0,1.2420716948061288,0.30000001192092896
127,499.0,1.7834469290412145,1.0,4.325234514225282,8.109814714172403e-05,79.98986162413362,0.1754753303527832,53.19567489624024,1.096720814704895,-0.12596750259399414,8482314.0,4.311912059783936,0.0,4.325234514225282,0.30000001192092896
128,515.0,0.9076636150965468,1.0,3.715480386769428,7.430960773538857e-05,123.7338600614826,0.13829985558986665,41.4128532409668,0.9219990372657778,-0.08585948497056961,1105559.0,3.488917589187622,0.0,3.715480386769428,0.30000001192092896
129,522.0,0.8138361545560912,1.0,0.051676162231900476,1.0335232446380095e-05,6.823048924558793,0.012045422494411468,55.76865768432617,0.8030281662940979,0.3518013358116149,8156543.0,34.55690383911133,0.0,0.051676162231900476,0.30000001192092896
130,529.0,2.5530691584778453,1.0,4.564564989784834,0.00019019020790770144,53.672286798109944,0.08998031902313233,43.563724517822266,1.24972665309906,0.05990337207913399,2721496.25,10.218152046203613,0.0,4.564564989784834,0.30000001192092896
131,534.0,0.7721033297983741,1.0,4.741302563902045,0.00021229712972695725,41.532003671499346,0.05799430078268052,47.77269744873047,0.8655865788459779,0.2502436041831971,1282363.125,7.775408267974853,0.0,4.741302563902045,0.30000001192092896
132,550.0,1.8211233527536344,8.0,1.1892413987920016,5.488806455963084e-05,40.24489220084411,0.07720680177211758,47.8007926940918,1.1877969503402706,0.04317360743880272,1400591.875,11.078499794006348,0.0,1.1892413987920016,0.30000001192092896
133,558.0,2.373293560995196,6.0,1.8061287937513915,6.772982976567718e-05,37.284903356109794,0.1111668300628662,55.09501266479492,1.3895853757858276,0.20019575953483584,1096977.75,10.845998764038086,0.0,1.8061287937513915,0.30000001192092896
134,559.0,2.3680466518999808,14.0,1.334878210865559,4.6565518983682295e-05,61.4939113186395,0.11760501599311829,44.480224609375,1.367500185966492,-0.3091326951980591,1195526.375,9.422970771789553,0.0,1.334878210865559,0.30000001192092896
135,566.0,2.212262352746042,4.0,0.4647975336981483,1.2676296373585863e-05,64.79464637416271,0.13555796146392823,49.00727844238281,1.2323451042175293,-0.5720316767692566,1977292.25,7.02787160873413,0.0,0.4647975336981483,0.30000001192092896
136,567.0,2.676139804295307,6.0,0.4281391652286478,2.5184656778155758e-05,19.504938113032726,0.07100148832798002,60.82002639770508,1.3921860456466673,-0.24462491273880005,4729639.5,17.472862243652347,0.0,0.4281391652286478,0.30000001192092896
137,570.0,1.655196961128836,10.0,1.2000601469750412,4.186256326657121e-05,47.98182783301439,0.09658715724945066,50.3552360534668,1.1231064796447752,-0.13876928389072418,1099393.625,7.978615760803223,0.0,1.2000601469750412,0.30000001192092896
138,571.0,1.075451976878479,5.0,0.5302009719394732,1.446002650744018e-05,54.60217882549382,0.1004557067155838,53.38572692871094,0.9132336974143982,-0.2233762443065644,1267420.625,5.3079566955566415,0.0,0.5302009719394732,0.30000001192092896
139,572.0,1.4968996971503299,2.0,0.15464739383594495,7.999003129445429e-06,48.56674016859692,0.060866892337799065,41.10345458984375,1.049429178237915,-0.21822607517242432,1463056.375,10.477869033813477,0.0,0.15464739383594495,0.30000001192092896
140,579.0,1.1214942686787925,2.0,3.9433194742597877,0.00015166613362537645,66.50481845936217,0.0710811585187912,40.73376464843751,0.9112969040870665,-0.24488461017608645,5562983.5,6.79909610748291,0.0,3.9433194742597877,0.30000001192092896
141,583.0,1.1268367043868577,1.0,3.9679439050123535,0.0001279981904842695,38.77646348696858,0.08149382472038268,58.24936294555664,0.8762776851654052,-0.039645485579967485,2104838.5,5.975987434387207,0.0,3.9679439050123535,0.30000001192092896
142,585.0,1.865880839110782,4.0,0.28866513920887904,2.0139428316898538e-05,21.178296216168864,0.048078327655792216,53.59478378295898,1.1181006431579585,0.015369856730103491,1219841.5,16.380859375,0.0,0.28866513920887904,0.30000001192092896
143,593.0,1.329573284073367,6.0,0.5101349300480643,4.2511244170672024e-05,31.774552308199162,0.036833527565002445,40.03550720214844,1.02315354347229,0.010745595209300518,1572780.5,16.570810317993164,0.0,0.5101349300480643,0.30000001192092896
144,595.0,1.3791159809833022,2.0,2.7939741640504243,9.012819884033626e-05,126.962389072678,0.11797701609134674,32.19124221801757,1.268570065498352,-0.3413292467594147,2957654.0,7.477394104003905,0.0,2.7939741640504243,0.30000001192092896
145,597.0,0.8446538646378686,1.0,5.148685273849677,0.0001544605582154903,71.81772179081592,0.07570592761039735,44.38313674926758,0.7570592761039735,0.3126114010810852,7294527.5,4.5184831619262695,0.0,5.148685273849677,0.30000001192092896
146,598.0,1.1783654996693453,4.0,0.9589251987921218,3.0603995706131544e-05,48.379580218539886,0.08942564809322358,52.42840957641602,0.9513366818428041,-0.12357281148433685,1076196.0,6.2978782653808585,0.0,0.9589251987921218,0.30000001192092896
147,599.0,0.8425215675654008,2.0,0.1161088591584227,7.740590610561514e-06,29.754861486841325,0.03469599097967147,46.25525665283203,0.7710220217704772,-0.07836295664310455,1374481.125,10.197422981262207,0.0,0.1161088591584227,0.30000001192092896
148,604.0,0.6705393503691689,1.0,7.138358111187922,0.00017845895277969807,65.43134267385541,0.08712090253829956,50.93678283691406,0.7260075211524963,-0.13932500779628754,8085422.0,3.833076000213623,0.0,7.138358111187922,0.30000001192092896
149,609.0,1.3453059346781404,4.0,0.2916894851748214,1.4831668737702783e-05,51.718810429250716,0.059808743596076984,40.173118591308594,1.013707518577576,-0.2377634197473526,1034172.4375,9.96003818511963,0.0,0.2916894851748214,0.30000001192092896
150,616.0,1.9139856455866626,9.0,2.774390931816222,0.00015133041446270304,28.792211274293642,0.06697260200977326,51.98495101928711,1.2176836729049683,-0.0049297395162284366,3604853.5,13.63762664794922,0.0,2.774390931816222,0.30000001192092896
151,621.0,1.7486990428080669,7.0,1.2274995827257076,4.782465906723536e-05,65.47810013209623,0.08933291244506836,40.787879943847656,1.1601676940917969,0.00160270684864372,1112079.375,8.737136840820312,0.0,1.2274995827257076,0.30000001192092896
152,625.0,0.8379294211592944,1.0,670.4955313526947,0.011832274082694612,68.25906437390435,0.16173198819160461,59.35784149169922,0.9513646364212036,0.051663532853126526,3812134.25,3.6067769527435294,1.0,0.0,0.30000001192092896
153,629.0,0.694210276298225,1.0,3.862493334657772,9.65623333664443e-05,57.82043064312642,0.0906308341026306,54.185585021972656,0.7552569508552551,-0.11135546118021013,7313796.0,3.8804595470428467,0.0,3.862493334657772,0.30000001192092896
154,632.0,0.5008323617892235,1.0,2.4488136950259296,0.00012666277732892742,66.40658703184393,0.04367687404155731,35.1513671875,0.7530495524406433,-0.010864845477044579,2278584.5,7.325986862182617,0.0,2.4488136950259296,0.30000001192092896
155,633.0,1.7409378771690163,2.0,4.724766672130964,0.0002443844830412568,42.66799009360793,0.07346325016021728,43.85273742675781,1.2666077613830566,-0.003688456956297159,3004064.25,12.880881309509276,0.0,4.724766672130964,0.30000001192092896
156,634.0,0.7461834609226504,1.0,3.8703793267332047,0.0002638894995499912,85.08311970635478,0.03538472366333008,27.04820442199707,0.8041982650756836,0.21089315414428714,4000204.25,9.59715461730957,0.0,3.8703793267332047,0.30000001192092896
157,638.0,1.360489144776343,1.0,1.472999157554219,5.971618206300891e-05,62.24432891412293,0.07223088157176968,41.01094436645508,0.9760929942131042,-0.5466534495353698,5000392.0,7.6718854904174805,0.0,1.472999157554219,0.30000001192092896
158,643.0,1.6795289646765343,2.0,221.15072099868422,0.008190767444395711,113.45718384200936,0.10625966262817384,31.78046989440918,1.3118476867675781,-0.09827962517738342,1521053.625,8.858412742614746,1.0,0.22363448985591422,0.30000001192092896
159,645.0,2.14640977203868,2.0,0.13337281079790972,1.6004737295749167e-05,15.269546256457145,0.028455290198326117,48.12721633911133,1.1382116079330447,-0.014887098222970963,2505845.25,28.02594375610352,0.0,0.13337281079790972,0.30000001192092896
160,646.0,1.6714192776322632,7.0,5.348195339394551,0.00027194213590141784,30.65096550680717,0.05980045127868653,52.184043884277344,1.0135669708251953,0.07436166703701019,2166201.5,10.584586143493652,0.0,5.348195339394551,0.30000001192092896
161,649.0,1.763640586596519,3.0,2.2811648670845814,0.00011799128622851284,36.61975100505798,0.07183533000946045,47.33584213256836,1.2385401725769043,-0.2964227795600891,6832600.5,12.906713485717773,0.0,2.2811648670845814,0.30000001192092896
162,657.0,1.7678572634812333,11.0,1.6682395464317905,6.763133296345099e-05,26.248797799450106,0.08443417000770563,63.15314102172852,1.141002297401428,0.07786344736814499,1472754.375,10.050825119018556,0.0,1.6682395464317905,0.30000001192092896
163,663.0,0.9850788156354585,2.0,1.0695515237254825,8.91292936437902e-05,30.417080186413003,0.030729918479919436,40.91912078857422,0.8536088466644287,-0.16200074553489685,3745673.5,13.84628677368164,0.0,1.0695515237254825,0.30000001192092896
164,665.0,2.2484661026192287,1.0,0.055627124034513455,2.035138684189517e-06,63.944346479606544,0.09475333094596859,42.59313964843751,1.155528426170349,-0.4890588223934174,1522944.375,8.303202629089355,0.0,0.055627124034513455,0.30000001192092896
165,668.0,1.2886267721345754,7.0,1.2738102853824622,5.790046751738465e-05,30.00409918353665,0.0702374153137207,55.78474807739258,1.0642032623291016,0.19072011113166806,1346460.25,10.220600128173828,0.0,1.2738102853824622,0.30000001192092896
166,672.0,0.7121135177057034,1.0,0.5845199585613391,3.8120866862696026e-05,20.96347468321497,0.037170222163200387,55.71614837646485,0.8080483078956606,-0.13453982770442965,4444734.0,11.048100471496582,0.0,0.5845199585613391,0.30000001192092896
167,680.0,1.4482191147082617,1.0,1.7543148238193573,7.412597847124046e-05,62.21812073583416,0.07714029312133788,40.179500579833984,1.0864830017089844,-0.15273281931877136,9652772.0,8.906943321228027,0.0,1.7543148238193573,0.30000001192092896
168,682.0,2.7932487936565686,1.0,2.2254342854743885,9.403243459750938e-05,50.846656433736065,0.09334386980533597,44.44590759277344,1.3147023916244505,-0.0012344610877335072,4228115.0,10.972795486450195,0.0,2.2254342854743885,0.30000001192092896
169,685.0,0.9239037680581728,1.0,3.402380371525093,8.505950928812732e-05,49.543599368262605,0.10065910577774047,58.537025451660156,0.8388258814811707,-0.025920098647475243,2298276.25,4.522725582122803,0.0,3.402380371525093,0.30000001192092896
170,686.0,1.7864547819745635,2.0,1.0261174802662616,4.7359268319981304e-05,51.2860626506783,0.08719815373420715,42.343894958496094,1.3415100574493408,-0.3379664719104767,6741754.5,12.113069534301758,0.0,1.0261174802662616,0.30000001192092896
171,687.0,2.4845234548413204,8.0,1.757477543961794,6.0602673929717045e-05,46.05812565163186,0.11823552775382999,51.69401931762695,1.359029054641724,-0.08027652651071547,1890849.875,9.671234130859377,0.0,1.757477543961794,0.30000001192092896
172,689.0,1.9459874447139696,9.0,1.6502327254469231,6.188372720425962e-05,60.721790489810324,0.09833335876464844,43.17243194580078,1.2291669845581055,-0.11671096831560135,1622334.0,9.012925148010254,0.0,1.6502327254469231,0.30000001192092896
173,691.0,1.0265485612226641,1.0,3.9580271427444655,0.00014306122202690838,41.780113709709376,0.0880265185832977,53.01369094848633,1.0605604648590083,-0.17065489292144775,3300463.25,7.897503852844237,0.0,3.9580271427444655,0.30000001192092896
174,694.0,1.8774136658537424,10.0,0.82928003722037,7.538909429276092e-05,36.912630336685936,0.039117425322532665,35.56340026855469,1.1853765249252322,0.010795599780976772,1307803.875,20.20263862609864,0.0,0.82928003722037,0.30000001192092896
175,701.0,0.9056400962832011,3.0,2.7957910437504965,0.00013105270517580454,34.89115012383463,0.048727542877197265,50.94084548950195,0.7613678574562073,-0.019386757165193558,1187489.5,7.277688503265381,0.0,2.7957910437504965,0.30000001192092896
176,702.0,2.1951652422873464,2.0,0.12681647929047873,4.529159974659954e-06,17.99166716350582,0.1099250292778015,81.27140045166014,1.3086313009262083,-0.26381468772888184,1185258.5,10.817694664001463,0.0,0.12681647929047873,0.30000001192092896
177,703.0,1.3311763929605416,1.0,3.0408004199676717,0.00017212077848873615,46.574503748277046,0.05759154725074768,40.123390197753906,1.0866329669952393,0.022492615506052967,9036857.0,11.95960521697998,0.0,3.0408004199676717,0.30000001192092896
178,706.0,1.1106219042113732,1.0,1.4225119108529207,9.924501703625029e-05,38.992753138207156,0.03495095062255859,39.49808883666992,0.8128128051757811,-0.020938815549016002,2277798.5,10.85950756072998,0.0,1.4225119108529207,0.30000001192092896
179,708.0,1.2051032164896707,2.0,4.358550476730662,0.00023349377553914263,61.364632850341216,0.05222312116622924,35.93095397949219,0.9325557351112366,-0.11193395406007768,2045418.625,9.456836700439453,0.0,4.358550476730662,0.30000001192092896
180,709.0,0.964538566784507,2.0,0.15653032793567978,9.991297527809349e-06,32.421351714754586,0.03828447109460831,45.28633499145508,0.8145632147789001,-0.02929005771875381,1262721.875,10.283036231994627,0.0,0.15653032793567978,0.30000001192092896
181,710.0,2.1973500013824383,11.0,1.137204794591917,6.962478334236227e-05,24.11844936447289,0.0648865259885788,53.61140060424805,1.3242148160934448,-0.02780590020120144,2141025.0,16.891151428222653,0.0,1.137204794591917,0.30000001192092896
182,711.0,3.106252843497244,1.0,5.3911048956244505,0.00014703013351703047,97.09013096199993,0.1489425802230835,40.035255432128906,1.3540234565734863,-0.01226979773491621,9462345.0,6.820437431335449,0.0,5.3911048956244505,0.30000001192092896
183,722.0,1.5862632400908423,1.0,1.9423087834100068,4.482251038638477e-05,74.4256411646032,0.12841613113880154,49.71004867553711,0.9878163933753965,-0.3699852228164673,3456252.25,4.7506680488586435,0.0,1.9423087834100068,0.30000001192092896
184,725.0,1.1478799570950096,2.0,2.6935727644733753,0.00011381293371014262,64.7754249313805,0.07035835057497024,39.378379821777344,0.9909626841545104,-0.3752942681312561,3855525.75,8.100846290588379,0.0,2.6935727644733753,0.30000001192092896
185,727.0,2.234696053763444,13.0,2.005513798770292,0.00017695709989149633,26.04393103296425,0.0444338631629944,42.97540664672852,1.3068783283233647,0.2565469443798065,1303673.25,22.67145538330078,0.0,2.005513798770292,0.30000001192092896
186,728.0,0.8855412758046856,1.0,8.440975779812335,0.00028776053794814786,35.798377352245524,0.0623362374305725,58.97167587280274,0.708366334438324,0.030819423496723175,3407413.0,5.1522879600524885,0.0,8.440975779812335,0.30000001192092896
187,733.0,1.2082378491939243,1.0,2631.8139597528107,0.15790883758516866,69.68681727128616,0.04874725341796873,31.859832763671875,0.9749450683593746,0.2812691032886505,1802666.25,10.578202247619627,1.0,0.0,0.30000001192092896
188,744.0,1.9429818170334583,5.0,1.3360250146910897,4.089872493952316e-05,97.12056995795669,0.1248222143650055,37.78254699707031,1.2736960649490356,-0.17201915383338928,1491243.25,7.397626876831055,0.0,1.3360250146910897,0.30000001192092896
189,745.0,2.227431099581785,7.0,0.5560521086215051,5.2129885183266104e-05,18.635417491669568,0.04251046752929687,49.28777694702149,1.3284521102905273,0.016592592000961304,3247967.75,25.212909698486328,0.0,0.5560521086215051,0.30000001192092896
190,754.0,0.7786670418613721,2.0,7.695725199621116,0.00012826208666035194,125.20781469798617,0.13691726446151734,45.097694396972656,0.760651469230652,-0.2771002054214477,1048509.3125,2.461463928222656,0.0,7.695725199621116,0.30000001192092896
191,755.0,0.8700330400196508,1.0,0.6721918306159127,4.9184768093847276e-05,35.97568873172321,0.0343326969742775,40.15329360961913,0.8373828530311587,-0.21738670766353607,5002577.5,11.975688934326172,0.0,0.6721918306159127,0.30000001192092896
192,756.0,1.1355652883740106,1.0,886.9598534721579,0.022173996336803947,62.301636970330925,0.11444849252700806,52.20050430297852,0.9537374377250672,-0.08243931084871292,1181843.625,4.74912166595459,1.0,0.0,0.30000001192092896
193,757.0,1.262028476040688,1.0,3.6426994365878613,0.00016070732808475856,102.03221909445546,0.06044091868400575,30.705741882324208,0.8888370394706726,-0.1270381063222885,9937224.0,7.126527786254883,0.0,3.6426994365878613,0.30000001192092896
194,764.0,1.1832860287726679,1.0,1.5052125020809477,8.683918281236236e-05,47.41674383591377,0.04251726794242859,39.3885154724121,0.8176397681236267,-0.13181427121162415,8522390.0,9.151632308959961,0.0,1.5052125020809477,0.30000001192092896
195,770.0,2.6355499064933974,5.0,8.085968777242433,0.00026367289491007937,68.86070808912187,0.11957458448410034,43.47523880004883,1.299723744392395,0.0929509699344635,1110484.375,8.323617935180664,0.0,8.085968777242433,0.30000001192092896
196,775.0,1.3276078960252273,6.0,0.6704127280308446,6.487865109975916e-05,20.35634479044128,0.0290283795595169,46.41568374633789,0.9363993406295775,0.20273256301879888,2576063.0,18.357797622680664,0.0,0.6704127280308446,0.30000001192092896
197,781.0,1.4205330803524794,1.0,1379.368497365213,0.021779502589977046,56.897526198953784,0.17989723086357118,68.73278045654297,0.9468275308609009,0.15004055202007294,3765111.5,3.2744622230529785,1.0,0.0,0.30000001192092896
198,782.0,1.042695248648987,1.0,0.060449651176268264,2.484232240120614e-06,34.13092865003265,0.05748795861005782,55.007408142089844,0.7875062823295594,-0.3000311851501465,1313016.125,6.76594352722168,0.0,0.060449651176268264,0.30000001192092896
199,784.0,2.4046292086766172,6.0,7.95505568987813,0.0003849220495102321,49.36278471385428,0.08053470516204833,42.15312957763672,1.2989468574523924,0.09699399769306184,2275037.5,12.218386650085447,0.0,7.95505568987813,0.30000001192092896
200,786.0,0.4806444538835554,1.0,4.42694108605509,0.00010216017890896362,80.9763041490009,0.10037320554256439,47.65697860717773,0.7721015810966492,-0.0264985915273428,1371921.75,3.6627151966094966,0.0,4.42694108605509,0.30000001192092896
201,787.0,0.8055248517992194,1.0,1.9141391948973978,4.4172442959170717e-05,67.78652958358606,0.12374849617481232,52.08753204345703,0.9519115090370178,-0.5521639585494995,5844172.0,4.529162406921387,0.0,1.9141391948973978,0.30000001192092896
202,788.0,1.0155908825353954,1.0,3.4579961452243486,0.00016466648310592137,46.608849510113075,0.05955826234817507,43.72903442382813,0.9453692436218265,0.03765392675995826,3534822.0,8.861469268798828,0.0,3.4579961452243486,0.30000001192092896
203,801.0,1.6531188526686047,4.0,0.40025568013302715,1.9059794292048914e-05,52.22530397515882,0.06531625378131867,41.31079864501953,1.0367659330368042,-0.3197697103023529,1863685.875,9.668010711669922,0.0,0.40025568013302715,0.30000001192092896
204,811.0,0.4476658964690449,1.0,1.9762761461564882,7.319541282061067e-05,82.77751524105035,0.058195199131965636,37.20661163330078,0.7184592485427856,-0.2371339946985245,8811288.0,5.018348693847656,0.0,1.9762761461564882,0.30000001192092896
205,812.0,0.9913840520958626,1.0,4.291411666241605,0.0001893269852753649,52.01142635370464,0.05880808854103091,43.00697326660156,0.8648248314857484,-0.2496740818023681,5599837.0,7.491072177886963,0.0,4.291411666241605,0.30000001192092896
206,814.0,1.7378952637808336,1.0,0.07183281507465633,1.5392746087426358e-05,8.20568633138381,0.01430374693870545,49.12927627563477,1.0216962099075322,0.3650895655155181,1843709.75,43.458999633789055,0.0,0.07183281507465633,0.30000001192092896
207,815.0,2.175801555855023,10.0,1.344962062500033,8.406012890625205e-05,40.35220618756676,0.06359475517272949,41.02237319946289,1.3248907327651975,-0.03587889298796654,2134003.75,15.991863250732422,0.0,1.344962062500033,0.30000001192092896
208,816.0,2.0100554824646815,10.0,2.799989606472028,8.749967520225089e-05,68.85376374512232,0.12149423217773438,44.41253662109375,1.2655649185180664,-0.05776720121502876,1429902.5,7.854051113128662,0.0,2.799989606472028,0.30000001192092896
209,817.0,1.191632033509993,1.0,1.046657802980887,7.658471729128443e-05,19.983726123029648,0.04034268391132354,53.87502670288086,0.9839679002761841,-0.22367407381534574,5861506.5,15.063100814819336,0.0,1.046657802980887,0.30000001192092896
210,818.0,0.7632910881424365,1.0,1.2802896130927313,7.112720072737394e-05,30.009717929517997,0.04798459589481355,50.4544792175293,0.8886036276817323,-0.2569047808647156,4652526.5,10.188639640808104,0.0,1.2802896130927313,0.30000001192092896
211,820.0,1.8041939709711834,3.0,0.18739280569079061,1.756807553351162e-05,15.774094045960984,0.03501829910278319,53.57184219360352,1.0943218469619747,0.07078826427459718,2932892.75,21.39750099182129,0.0,0.18739280569079061,0.30000001192092896
212,822.0,0.7272010580355358,2.0,0.10318916147645263,3.7752132247482676e-06,46.530034311829326,0.07526883828639985,49.931434631347656,0.9179126620292667,-0.30928465723991394,1447542.875,6.878166675567628,0.0,0.10318916147645263,0.30000001192092896
213,831.0,2.451099824761413,3.0,8.104150935929601,0.0001430144282811106,132.19081722893276,0.22385889768600464,42.65378952026367,1.316817045211792,-0.20033144950866694,1073236.875,4.629370212554932,0.0,8.104150935929601,0.30000001192092896
214,839.0,1.021266177723983,2.0,3.002496294906014,0.00017322094009073158,29.131139858326048,0.05053645300865174,50.25239181518554,0.9718548655509949,-0.07425664365291595,3042155.75,11.405749320983887,0.0,3.002496294906014,0.30000001192092896
215,843.0,1.427901985982367,7.0,0.6690348641120748,7.168230686915088e-05,14.980390092494865,0.030403519630432127,51.42227172851562,1.0858399868011475,0.17137061059474945,5229294.5,23.89882659912109,0.0,0.6690348641120748,0.30000001192092896
216,845.0,0.5628106480669768,1.0,5.3055519773920885,0.00027923957775747833,27.639779269851807,0.0407010909318924,54.01370239257813,0.7140542268753052,0.3770430684089661,3872058.5,7.860037803649902,0.0,5.3055519773920885,0.30000001192092896
217,851.0,1.0376523082314988,1.0,2.4696943965199596,9.035467304341318e-05,31.419397933494,0.07391116118431089,60.76336288452149,0.9013556241989135,-0.18068395555019376,3750591.5,7.036062240600586,0.0,2.4696943965199596,0.30000001192092896
218,854.0,0.9683012668933678,2.0,4.003398823303236,0.0001622999522960772,45.388099028275,0.060555748820304844,48.02624893188477,0.8183209300041199,-0.31099173426628113,5169491.0,6.678565979003905,0.0,4.003398823303236,0.30000001192092896
219,858.0,1.2067740285599864,1.0,0.05173173850697123,4.084084618971413e-06,47.0512710508208,0.038968517541885385,33.801807403564446,1.025487303733826,-0.3062441349029541,1948265.0,14.809831619262695,0.0,0.05173173850697123,0.30000001192092896
220,860.0,1.8156326171838857,1.0,3.9357155980142853,0.0003373470512583673,41.88908252335575,0.046031064391136176,34.38091278076172,1.3151732683181763,0.08286052942276001,7639381.5,21.116527557373047,0.0,3.9357155980142853,0.30000001192092896
221,863.0,2.402469705187079,5.0,0.34182403582314,1.42426681592975e-05,47.35964829026758,0.09568944168090822,46.37627029418945,1.3290200233459473,-0.4146051108837128,1504122.375,11.088687896728516,0.0,0.34182403582314,0.30000001192092896
222,866.0,3.1786177585592283,1.0,1.8900889563359153,9.145591724206042e-05,44.47271586674036,0.08653909707069396,44.41020965576172,1.3957918882369993,-0.15443862974643707,7630031.0,13.291994094848633,0.0,1.8900889563359153,0.30000001192092896
223,882.0,1.7309864350285578,4.0,0.30540815641438435,2.1307545796352396e-05,21.362478254174427,0.04916640305519104,53.363243103027344,1.1434047222137451,-0.030158821493387226,1031361.75,16.668781280517578,0.0,0.30540815641438435,0.30000001192092896
224,895.0,0.7736729414865136,1.0,3.6980655581140365,0.00011206259267012231,76.05325901274831,0.07731072878837587,42.91335678100585,0.780916452407837,-0.02020176313817501,6779457.5,4.6601667404174805,0.0,3.6980655581140365,0.30000001192092896
225,897.0,0.4876606989805061,1.0,2.1620934590669174,0.00011793237049455913,27.84800890950588,0.042835941314697264,52.85889434814453,0.7788352966308594,-0.3195995092391968,7258909.5,8.838531494140625,0.0,2.1620934590669174,0.30000001192092896
226,909.0,0.9891617264467859,1.0,3.037363950486333,7.593409876215832e-05,127.78347066812007,0.11088191986083984,36.44912338256836,0.924015998840332,-0.4245268702507019,1518395.75,4.482189178466797,0.0,3.037363950486333,0.30000001192092896
227,910.0,1.3283167914810965,5.0,0.899427316848636,4.6522102595619106e-05,43.979367593616466,0.06454562902450563,43.19398880004883,1.112855672836304,0.060279879719018936,1407450.5,11.416765213012695,0.0,0.899427316848636,0.30000001192092896
228,917.0,2.164725446491957,11.0,1.0302150786813071,4.754838824682956e-05,39.957922128355044,0.08509777843952179,47.97213363647461,1.3091965913772583,-0.13063499331474304,1087300.125,12.212650299072266,0.0,1.0302150786813071,0.30000001192092896
229,918.0,1.076403117578096,1.0,0.05688841573260245,3.968959237158311e-06,20.302904425320953,0.0359101071357727,54.73800277709961,0.8351187705993652,0.05076989904046058,1434482.125,12.050522804260256,0.0,0.05688841573260245,0.30000001192092896
230,957.0,2.1300243854205108,7.0,1.2191333687557655,7.464081849525095e-05,30.54213547888988,0.0619630595445633,47.64113998413086,1.2645522356033325,0.0497194305062294,1641135.875,15.759989738464355,0.0,1.2191333687557655,0.30000001192092896
231,962.0,1.852941944983088,1.0,5.283346090252161,0.00011321455907683201,111.38295395726144,0.17222451925277715,42.16852951049805,1.2301751375198366,-0.024753078818321228,9197136.0,5.129104137420653,0.0,5.283346090252161,0.30000001192092896
232,967.0,0.7748205164561184,1.0,3.805613988313008,9.514034970782521e-05,69.40662741153861,0.10175746679306032,49.4565658569336,0.8479788899421693,0.07210827618837358,1014271.625,4.1940317153930655,0.0,3.805613988313008,0.30000001192092896
233,971.0,2.472410482164429,3.0,13.268827663750859,0.00026537655327501717,176.37826193895822,0.19912279844284056,34.686214447021484,1.3274853229522705,-0.3801712095737457,2440150.25,5.02240753173828,0.0,13.268827663750859,0.30000001192092896
234,973.0,0.6279174296218525,1.0,1.4024496539584717,6.374771154356689e-05,26.58449031921264,0.0510902659893036,59.26408767700195,0.7740949392318727,0.004071628674864769,2164983.0,7.521364688873291,0.0,1.4024496539584717,0.30000001192092896
235,974.0,1.0852306214576377,2.0,0.11726685774667989,5.863342887333995e-06,46.27556843051731,0.055249553918838505,42.82856750488281,0.9208258986473085,-0.2679154872894287,1328760.625,9.110112190246582,0.0,0.11726685774667989,0.30000001192092896
236,976.0,1.433262114445609,8.0,1.4457020152164557,0.00013990664663385055,37.72897410934324,0.03151227593421937,34.093936920166016,1.0165250301361086,0.20002456009387967,1825246.5,18.300308227539066,0.0,1.4457020152164557,0.30000001192092896
237,981.0,1.8285387759512106,3.0,0.3080090209345895,1.026696736448632e-05,69.2228524012069,0.10117821335792541,42.88745880126953,1.1242023706436162,-0.5312212705612183,1712392.25,7.337052822113037,0.0,0.3080090209345895,0.30000001192092896
238,982.0,0.7953943738724549,1.0,3.6397161625829773,0.00021410095074017515,43.089144304971896,0.05128110587596893,40.919937133789055,1.0055118799209595,0.18667109310626984,2314439.5,11.56098461151123,0.0,3.6397161625829773,0.30000001192092896
239,985.0,1.9330317108395927,1.0,0.07160584062783495,4.0531607902548085e-06,37.037875157215225,0.05554460537433625,44.99338912963867,1.0480114221572878,-0.2431943267583847,1022367.75,11.805696487426758,0.0,0.07160584062783495,0.30000001192092896
240,986.0,1.0361357575663974,1.0,0.9703443449815232,5.707907911656019e-05,17.386720116994482,0.050297861516475674,64.41841888427734,0.986232578754425,-0.01802933216094971,8402100.0,12.565780639648438,0.0,0.9703443449815232,0.30000001192092896
241,989.0,2.3985569535687894,10.0,2.011564391961006,8.874548788063259e-05,41.871420314195966,0.09291164970397951,47.93242645263672,1.3663477897644043,0.023601364344358444,1800391.875,12.202013969421387,0.0,2.011564391961006,0.30000001192092896
242,992.0,0.9065062902676027,1.0,8.989844597953066,0.0003745768582480444,64.20911338243819,0.06182739400863648,39.8292121887207,0.8587138056755066,-0.14587587118148804,3487239.5,6.865951061248778,0.0,8.989844597953066,0.30000001192092896
243,998.0,0.9287166611086446,1.0,0.050964867070721835,5.460521471863054e-06,18.81115795825348,0.020353112697601324,45.88862609863281,0.7268968820571902,-0.03153086453676224,1378542.75,15.309160232543945,0.0,0.050964867070721835,0.30000001192092896
244,1004.0,0.9195702358679458,1.0,2.1635104575777486,8.42926152303019e-05,35.70966352789524,0.06152384638786317,55.23143005371094,0.7990109920501711,-0.056231953203678124,3542965.0,6.483146667480469,0.0,2.1635104575777486,0.30000001192092896
245,1006.0,0.7486731041440637,1.0,0.050297382656532726,2.4337443220902934e-06,60.59264658466592,0.057489387154579165,38.04693603515625,0.9272481799125671,-0.4732375144958496,2271420.5,8.512801170349121,0.0,0.050297382656532726,0.30000001192092896
246,1009.0,0.7357925508006666,1.0,4748.93207546391,0.12951632933083393,158.60604560500119,0.10833486258983611,31.32349967956543,0.9848623871803284,0.010685732588171959,3523817.75,4.757973670959473,1.0,0.0,0.30000001192092896
247,1011.0,1.3201602265032055,1.0,14.024368134178928,0.0002804873626835786,58.95996421525164,0.1879876792430878,59.99303436279297,1.2532511949539187,-0.07867570966482161,2953139.25,5.3099708557128915,1.0,0.0,0.30000001192092896
248,1016.0,1.4398985526234176,1.0,4.520293627726465,9.040587255452931e-05,112.9600660647546,0.14356417357921597,43.34280014038085,0.9570944905281066,-0.16246379911899567,1410869.75,3.6745212078094482,0.0,4.520293627726465,0.30000001192092896
249,1017.0,1.4611013639086505,2.0,95.88468729850986,0.0063923124865673244,29.786207815894603,0.04243357121944428,46.23091125488281,0.942968249320984,0.017366861924529076,3559695.0,12.623791694641113,1.0,1.175101488905542,0.30000001192092896
250,1027.0,2.2197944629756283,7.0,0.7867930889258652,6.21152438625683e-05,22.60267736767711,0.047968342781066896,48.769203186035156,1.2623248100280762,0.04617526382207871,2962360.0,20.11740493774414,0.0,0.7867930889258652,0.30000001192092896
251,1028.0,1.58360172960331,7.0,2.7680423869139643,6.92010596728491e-05,48.47481025299001,0.11941604375839238,59.17882919311523,0.9951336979866031,-0.2738896012306213,1034258.4375,5.201869010925293,0.0,2.7680423869139643,0.30000001192092896
252,1041.0,2.1513123887798122,13.0,1.6941490182361736,7.819149314936185e-05,53.181546111436774,0.08706828713417053,41.58244323730469,1.3395121097564697,-0.012610708363354206,1154554.875,12.009018898010256,0.0,1.6941490182361736,0.30000001192092896
253,1048.0,2.260234685804013,2.0,0.11696975003051506,1.0965914065360787e-05,18.458617389707566,0.03800432205200195,49.52325820922852,1.187635064125061,-0.09476931393146516,4277016.0,22.68998718261719,0.0,0.11696975003051506,0.30000001192092896
254,1049.0,1.6018195683628231,12.0,1.4051211311553176,6.109222309370946e-05,45.50184794973898,0.07797862815856935,46.31736373901367,1.1301250457763672,-0.06334789842367172,1232710.125,9.83439826965332,0.0,1.4051211311553176,0.30000001192092896
255,1052.0,2.0318415630929008,1.0,6.433824474547865,0.00016084561186369665,80.43370058370472,0.14202798843383788,45.94152450561523,1.1835665702819824,-0.051143035292625434,2923451.0,5.8264198303222665,0.0,6.433824474547865,0.30000001192092896
256,1055.0,3.010991591793537,1.0,470.78497208073213,0.028247098324843928,37.14240011182128,0.06639537811279297,43.63990783691406,1.3279075622558594,0.3878186345100402,4553919.0,15.609573364257812,1.0,0.0,0.30000001192092896
257,1059.0,1.8754192265221883,1.0,4.71384732020711,0.00017676927450776663,49.85157745996343,0.08707140922546389,47.64741516113281,1.0883926153182986,-0.00016619442612864077,8456624.0,8.277125358581543,0.0,4.71384732020711,0.30000001192092896
258,1065.0,3.2868320719290987,1.0,5.384999737011797,0.00013462499342529492,106.25294865046908,0.16787212371826174,39.97182083129883,1.3989343643188479,-0.09667651355266572,8793597.0,6.6317081451416025,0.0,5.384999737011797,0.30000001192092896
259,1073.0,2.1460832327910566,13.0,1.5013036878107662,4.0944646031202715e-05,40.76849780548951,0.14702154874801635,61.78282928466797,1.336559534072876,-0.2257584482431412,1170445.875,7.75810956954956,0.0,1.5013036878107662,0.30000001192092896
260,1077.0,0.8613725048221355,1.0,0.7340623826360895,2.859983308971777e-05,40.659019031192656,0.06416778498888015,51.76076889038086,0.8333478569984435,-0.5222146511077881,5901352.0,6.670527458190918,0.0,0.7340623826360895,0.30000001192092896
261,1094.0,0.6628246432565721,1.0,0.3659720872793546,2.9673412482109828e-05,36.52168526273153,0.028660884737968444,37.85813903808594,0.7746185064315795,-0.4945777952671051,5138018.0,12.103549957275392,0.0,0.3659720872793546,0.30000001192092896
262,1095.0,1.1194989378094524,9.0,0.9022552560491424,6.151740382153243e-05,32.64658111300404,0.04128720164299012,43.66578674316406,0.938345491886139,0.14581181108951569,1073920.0,12.724655151367188,0.0,0.9022552560491424,0.30000001192092896
263,1099.0,2.5344749333705714,3.0,5.694803802211037,0.00017084411406633113,57.90914906007883,0.1375205993652344,49.42654037475586,1.375205993652344,-0.2857525050640107,7840913.5,8.192384719848633,0.0,5.694803802211037,0.30000001192092896
264,1101.0,1.8839968981621864,1.0,6.860970877923619,0.0001871173875797351,91.48651111200766,0.13263790130615236,41.24312973022461,1.2057991027832031,0.2238895893096924,9432492.0,6.1250648498535165,0.0,6.860970877923619,0.30000001192092896
265,1103.0,0.5933223441624494,1.0,3.0923988976438066,8.4338151753922e-05,81.04647959196818,0.09182679414749147,43.81906127929688,0.8347890377044679,-0.2362473458051681,6638675.5,4.525460720062256,0.0,3.0923988976438066,0.30000001192092896
266,1123.0,2.268624835020338,1.0,1114.1684084938988,0.022283368169877978,65.88978443941471,0.17008357644081118,56.75059127807617,1.133890509605408,-0.02691696584224701,1629159.75,4.862579822540283,1.0,0.0,0.30000001192092896
267,1127.0,0.7704384480555654,1.0,0.9923237533994879,2.4808093834987198e-05,53.317595751887104,0.09750248193740843,56.427284240722656,0.812520682811737,-0.44299745559692383,3279289.75,4.449807643890381,0.0,0.9923237533994879,0.30000001192092896
268,1136.0,0.799485788868388,3.0,0.19255141872442302,2.221747139127958e-05,17.754442955606496,0.019623627424240116,45.51630020141602,0.7547549009323121,0.3017681241035461,1295091.75,17.514444351196286,0.0,0.19255141872442302,0.30000001192092896
269,1144.0,1.2147475115861859,6.0,1.1520353942844002,3.141914711684728e-05,78.20901529004594,0.11161506533622742,44.60686874389648,1.014682412147522,-0.2714621126651764,1015637.5625,5.434974193572998,0.0,1.1520353942844002,0.30000001192092896
270,1152.0,1.973677218071102,13.0,1.4483708679759764,7.241854339879881e-05,51.57703647052961,0.07564199209213257,40.567779541015625,1.2606998682022095,-0.14677412807941434,1702018.75,12.190874099731445,0.0,1.4483708679759764,0.30000001192092896
271,1159.0,0.928437074307971,1.0,1.6278423607767618,8.005782102180796e-05,52.62061981520196,0.06502927136421204,40.496803283691406,1.0660536289215088,-0.11817757040262222,3906639.5,10.144252777099608,0.0,1.6278423607767618,0.30000001192092896
272,1166.0,2.4199775927079474,7.0,4.362730933711875,0.00014872946364926848,86.56162840974821,0.12001749897003171,37.9238510131836,1.3638352155685425,0.06472237408161162,1157726.125,8.904233932495117,0.0,4.362730933711875,0.30000001192092896
273,1170.0,0.8662296360997366,1.0,0.29082543177915005,1.8563325432711705e-05,24.27375839717113,0.03659464156627655,52.33765029907226,0.7786093950271606,-0.3746434450149536,5587972.5,10.342740058898926,0.0,0.29082543177915005,0.30000001192092896
274,1171.0,1.3764702433276563,1.0,6.023140797826628,0.00021511217135095098,56.89031722246394,0.0779970889091492,45.70400619506836,0.9285367727279666,0.1591084599494934,1458101.0,6.606884956359862,0.0,6.023140797826628,0.30000001192092896
275,1173.0,1.7763768466217167,4.0,4.138977905475633,0.00013644982105963626,46.831094030395896,0.11646333479881286,52.43090438842773,1.2798168659210205,-0.0620165765285492,2205890.0,8.712566375732424,0.0,4.138977905475633,0.30000001192092896
276,1179.0,0.7848936130203171,1.0,2.4424625571940144,0.00010775570105267708,43.07029342603215,0.04843788766860963,47.26061248779297,0.7123218774795532,0.09515948593616484,2663315.0,6.353947639465332,0.0,2.4424625571940144,0.30000001192092896
277,1182.0,0.4950113393197024,1.0,1.937000614173156,3.058422022378667e-05,88.81431201914671,0.15058188915252688,55.01348114013672,0.7925362586975099,-0.4000346064567565,1154160.625,2.568981409072876,0.0,1.937000614173156,0.30000001192092896
278,1183.0,1.0521975972415671,2.0,0.11074673191995238,5.0339423599978355e-06,29.3583608739941,0.06111268365383148,56.39490509033203,0.92594975233078,-0.35419613122940063,3106607.75,8.793195724487305,0.0,0.11074673191995238,0.30000001192092896
279,1186.0,2.0952601548915517,15.0,2.288517713998366,0.00020192803358809108,23.870235371470603,0.04357418513298034,44.889514923095696,1.2815936803817747,0.31927523016929626,1568905.75,22.778133392333984,0.0,2.288517713998366,0.30000001192092896
280,1189.0,1.0233803401744523,1.0,0.9944358765657572,3.683095839132434e-05,47.421099062089965,0.07221023958921433,49.1575813293457,0.8914844393730164,-0.13904371857643127,2377074.75,6.735062599182129,0.0,0.9944358765657572,0.30000001192092896
281,1190.0,1.3912018706870537,1.0,0.058927304375815906,3.4663120221068184e-06,63.33949862058554,0.05552337455749511,33.750606536865234,1.088693618774414,-0.3680690228939056,1364365.125,11.939784049987793,0.0,0.058927304375815906,0.30000001192092896
282,1198.0,2.123793925069852,6.0,3.289801005183376,9.869403015550128e-05,76.83507870930892,0.13199427127838134,42.9095573425293,1.3199427127838135,0.059739138931035995,1084943.75,7.741693973541262,0.0,3.289801005183376,0.30000001192092896
283,1209.0,2.86756318808206,1.0,5.9501165610459585,0.00020284488276293047,51.33861917225012,0.11459357547760007,49.24396896362305,1.3021997213363647,0.09695586562156673,8466764.0,9.032324790954588,0.0,5.9501165610459585,0.30000001192092896
284,1216.0,0.9808724499566893,2.0,1.9526728743011097,0.00017229466537950966,17.94703131882665,0.03074291813373565,51.76985549926758,0.9042034745216366,0.18346641957759852,1978910.75,16.651233673095707,0.0,1.9526728743011097,0.30000001192092896
285,1217.0,2.110428438623081,8.0,0.9803059536394834,7.739257528732764e-05,26.424570524481037,0.04800548839569091,45.10468292236328,1.2633023262023924,0.08693675696849823,2716997.5,19.623231887817386,0.0,0.9803059536394834,0.30000001192092896
286,1219.0,0.4013244897096316,1.0,1.2393644060564255,0.00017705205800806078,22.911037189357987,0.015330059230327603,36.00983047485352,0.7300028204917905,0.022149648517370224,5650169.5,19.305723190307614,0.0,1.2393644060564255,0.30000001192092896
287,1222.0,2.2980046032169623,5.0,2.5245846432586196,0.00011833990515274779,43.69047866313777,0.08867280578613282,45.52294921875,1.3855125904083252,0.029103033244609836,2819056.0,12.97124481201172,0.0,2.5245846432586196,0.30000001192092896
288,1225.0,1.8593654785548883,3.0,0.20513706803427315,9.615800064106554e-06,25.257344423935212,0.07603048706054688,59.87285232543945,1.187976360321045,-0.21420785784721366,2464690.0,11.803489685058596,0.0,0.20513706803427315,0.30000001192092896
289,1226.0,2.006458748815323,4.0,1.1592698725419954,9.152130572699965e-05,17.74221254927752,0.04210999011993408,55.04548645019531,1.1081576347351074,-0.049790170043706894,6909580.5,18.50149726867676,0.0,1.1592698725419954,0.30000001192092896
290,1227.0,1.1766512174535944,8.0,0.8094226298034151,5.7815902128815356e-05,21.591412726511358,0.039727545619010936,52.45874786376953,0.945893943309784,0.1938297301530838,2216239.5,13.954534530639648,0.0,0.8094226298034151,0.30000001192092896
291,1239.0,1.1989803982917009,3.0,2.0984194162191265,0.0001015364233654416,44.377009869862384,0.06538044762611388,44.45807266235352,1.0545233488082884,-0.17639048397541046,2849625.25,10.135208129882812,0.0,2.0984194162191265,0.30000001192092896
292,1241.0,2.1998618219318042,1.0,4397.518728337143,0.23144835412300754,38.82239592671717,0.06517993998527526,45.575355529785156,1.1435077190399168,0.3704633116722105,3198968.5,11.941900253295898,1.0,0.0,0.30000001192092896
293,1243.0,2.2893026112046133,8.0,1.3190432172263915,2.638086434452783e-05,85.47489407406559,0.20429493784904482,49.82647323608398,1.3619662523269656,-0.4727902114391327,2363638.25,5.426252365112305,0.0,1.3190432172263915,0.30000001192092896
294,1248.0,2.248678762473405,1.0,5674.177828718937,0.19343788052450928,33.489636115489425,0.11079126071929928,60.97052383422852,1.2589915990829466,0.30791381001472473,2861778.75,9.242100715637207,1.0,0.0,0.30000001192092896
295,1251.0,1.940556797744821,5.0,0.2885358211459226,1.51860958497854e-05,32.0634567827776,0.06954303216934206,50.1494369506836,1.2200531959533694,-0.25616011023521423,1482228.875,13.09963607788086,0.0,0.2885358211459226,0.30000001192092896
296,1258.0,1.1446206282031468,6.0,4.5478339598865505,0.00017491669076486732,32.62153254924624,0.07464055716991426,58.160606384277344,0.9569302201271058,0.05370818451046944,1096494.375,7.834933757781982,0.0,4.5478339598865505,0.30000001192092896
297,1261.0,1.3151230156267708,8.0,0.728853761916624,3.3129716450755636e-05,44.28127194948433,0.06806524586677552,45.919349670410156,1.0312916040420532,-0.1394164264202118,1635401.0,9.336285591125488,0.0,0.728853761916624,0.30000001192092896
298,1263.0,0.5765132382359089,1.0,129.9912376623463,0.006093339265422482,33.60925093279437,0.05150743484497071,51.90322875976562,0.8048036694526673,0.23056091368198395,1720412.0,7.714547157287598,1.0,0.0,0.30000001192092896
299,1264.0,2.1091420510281647,1.0,1.7842314717069876,6.449029415808389e-05,43.62001193910183,0.09478617477416992,51.883583068847656,1.1420021057128906,-0.12215232104063035,3254050.5,8.540262222290039,0.0,1.7842314717069876,0.30000001192092896
300,1266.0,3.1087139849195173,7.0,44.79361230758396,0.003125135742389579,36.15219966821431,0.05853398251533508,41.02047348022461,1.361255407333374,0.2635212242603302,3183482.75,18.560964584350586,1.0,1.8026086420776481,0.30000001192092896
301,1268.0,1.1991304201916988,1.0,2.4427374041256167,0.00010468874589109785,79.45988401647666,0.07198101997375488,35.30277633666992,1.0283002853393552,-0.09311947971582413,4008376.75,8.206043243408201,0.0,2.4427374041256167,0.30000001192092896
302,1274.0,0.9815822334331655,2.0,3.0151927536152447,6.958137123727487e-05,67.5745700633439,0.12202612876892091,52.16915893554688,0.9386625289916993,-0.2849451005458832,1456722.0,4.611786365509033,0.0,3.0151927536152447,0.30000001192092896
303,1279.0,2.1777896147780464,7.0,2.5419716908291403,5.447082194633872e-05,69.26012004167518,0.19299467086791994,53.47566604614258,1.3785333633422852,-0.1425611823797226,1206924.25,6.0983519554138175,0.0,2.5419716908291403,0.30000001192092896
304,1283.0,2.1754391735716294,1.0,3.3536629859485934,0.00027947191549571607,19.405589439691862,0.046478163242340095,51.22967910766602,1.2910600900650024,0.2792096436023712,8694201.0,21.925094604492188,0.0,3.3536629859485934,0.30000001192092896
305,1288.0,1.817104347362684,10.0,1.0463802181224544,5.063130087689296e-05,43.76373053243183,0.07576709699630738,44.76849365234375,1.2220499515533447,-0.04756801947951317,1385180.0,11.768047332763672,0.0,1.0463802181224544,0.30000001192092896
306,1290.0,1.574485934798491,4.0,0.23795066574020823,9.518026629608333e-06,19.189062487520527,0.0805127531290054,74.35968780517578,1.0735033750534058,-0.18231289088726044,1834984.375,9.641069412231444,0.0,0.23795066574020823,0.30000001192092896
307,1294.0,1.4991299547708536,8.0,0.7829684538535279,4.120886599229094e-05,52.109668022738,0.05970550310611724,39.337982177734375,1.0474649667739866,-0.15893763303756714,1140965.375,10.683938980102539,0.0,0.7829684538535279,0.30000001192092896
308,1306.0,1.911780610866609,7.0,1.1908851240374652,5.332321450914023e-05,46.07963464434118,0.08018547976016999,45.3541145324707,1.1967982053756714,0.04646546021103858,2163443.25,10.713385581970217,0.0,1.1908851240374652,0.30000001192092896
309,1308.0,1.1038083309023317,1.0,3.8961218118348646,0.00026564466898874075,35.61751255220851,0.050952162265777604,41.80501174926758,1.1580036878585818,0.14996545016765594,4534387.5,15.271965026855467,0.0,3.8961218118348646,0.30000001192092896
310,1309.0,2.131704477926086,4.0,0.2356983668147315,9.065321800566597e-06,39.716483449445406,0.09343074631690977,52.7103271484375,1.1978300809860227,-0.3608222901821137,1147267.75,9.501497268676756,0.0,0.2356983668147315,0.30000001192092896
311,1321.0,1.099384172075236,2.0,1.0609864594202232,3.744658092071376e-05,50.13508227074726,0.0783061373233795,48.974769592285156,0.9212486743927,-0.28555774688720703,1629554.125,6.572708606719972,0.0,1.0609864594202232,0.30000001192092896
312,1322.0,2.0607898821841584,6.0,2.25612010994421,5.206431022948177e-05,95.983759232059,0.17043994784355168,43.77302932739258,1.3110765218734743,-0.1577170193195343,1108799.5,6.018153190612793,0.0,2.25612010994421,0.30000001192092896
313,1329.0,2.4541848463330678,8.0,1.1999455294844532,2.7691050680410457e-05,45.052419825452155,0.17603281259536743,63.891990661621094,1.3540985584259033,-0.3522356152534485,2518005.5,6.8948564529418945,0.0,1.1999455294844532,0.30000001192092896
314,1336.0,1.4031852982363135,1.0,1.184615003321505,2.961537508303763e-05,32.00428991797541,0.11461277246475222,72.83168029785155,0.9551064372062685,-0.2103765457868576,4200850.5,5.159532070159912,0.0,1.184615003321505,0.30000001192092896
315,1341.0,0.8266711426739191,1.0,5.742280704897066,0.0001914093568299023,69.25701255529248,0.08885728240013122,42.87688064575195,0.9873031377792361,-0.035317815840244286,7836029.0,6.464310169219972,0.0,5.742280704897066,0.30000001192092896
316,1344.0,2.3156597177765743,5.0,0.2874555751489606,2.1559168136172043e-05,31.56013647348033,0.05276149272918701,42.34424209594727,1.3190373182296753,-0.25399789214134216,4086174.25,19.203866958618164,0.0,0.2874555751489606,0.30000001192092896
317,1346.0,2.0123641849904534,8.0,0.6153342159278743,2.1465147067251432e-05,43.590667537244016,0.10284037423133852,52.8306884765625,1.1958183050155642,-0.23430627584457397,1612938.5,8.672632217407225,0.0,0.6153342159278743,0.30000001192092896
318,1351.0,0.8271301888952942,1.0,274.1966083285844,0.00685491520821461,112.33597931876162,0.10454629898071288,38.87451553344727,0.8712191581726074,0.014280899427831171,3900418.75,4.309972286224365,1.0,0.0,0.30000001192092896
319,1366.0,1.1707405733135579,3.0,3.9464985728187205,7.399684824035101e-05,51.904050021492516,0.17744964599609375,66.03788757324217,1.109060287475586,0.11384951323270798,1002282.1875,4.4340901374816895,0.0,3.9464985728187205,0.30000001192092896
320,1377.0,0.9231602573440202,1.0,0.06544294932856227,4.268018434471453e-06,27.16462009552882,0.03684886240959167,48.945289611816406,0.8010622262954711,-0.07423137873411177,1007185.1875,10.491872787475586,0.0,0.06544294932856227,0.30000001192092896
321,1396.0,1.9466155555111726,11.0,1.2297186921208776,6.707556502477514e-05,23.518585664113196,0.06627936899662017,57.51876449584961,1.2050794363021848,0.12011973559856415,1396479.0,13.937881469726562,0.0,1.2297186921208776,0.30000001192092896
322,1397.0,1.9733521087990813,1.0,6.07568115995235,0.0003314007905428555,66.82498479179958,0.06812713801860808,34.12288284301757,1.238675236701965,0.06677670031785965,2818022.75,12.50789737701416,0.0,6.07568115995235,0.30000001192092896
323,1398.0,2.337078157405221,3.0,0.18645717303200868,1.398428797740065e-05,26.93868406201527,0.05186898708343507,45.83271789550781,1.2967246770858767,-0.14606575667858124,1123237.25,19.385786056518555,0.0,0.18645717303200868,0.30000001192092896
324,1399.0,0.7153833339593602,1.0,2.9773811503934042,0.0001717719894457733,56.79228710362085,0.04647661232948304,35.99074172973633,0.8937810063362122,0.22888584434986115,2471313.25,9.703285217285154,0.0,2.9773811503934042,0.30000001192092896
325,1403.0,0.8657530252707013,1.0,2.7834706311871686,9.07653466691468e-05,202.6899766601373,0.06670074248313904,25.340290069580078,0.7250080704689026,-0.20715449750423431,1349788.25,4.0540771484375,0.0,2.7834706311871686,0.30000001192092896
326,1416.0,2.0687688740058756,7.0,0.6661498955505163,2.4371337642092065e-05,33.4773910014584,0.10484383940696713,58.8660545349121,1.2785834074020384,-0.23752404749393466,1723298.375,9.929113388061523,0.0,0.6661498955505163,0.30000001192092896
327,1428.0,1.2254166371473023,1.0,4.8910731456486545,0.00013339290397223604,230.6571048405186,0.13429991126060484,25.97447204589844,1.2209082841873167,-0.16860008239746094,9054820.0,5.846971035003662,0.0,4.8910731456486545,0.30000001192092896
328,1429.0,1.9060197352954167,5.0,3.3938129419911043,0.00018511706956315116,69.76175320648454,0.06922109186649324,33.396923065185554,1.2585653066635134,0.26838618516922,1094433.375,12.647665977478027,0.0,3.3938129419911043,0.30000001192092896
329,1430.0,1.8080682757094573,12.0,5.637146148490989,0.000245093310803956,23.73465321352645,0.07632961642742157,64.13083648681639,1.1062263250350952,0.21969421207904816,1609063.25,10.503042221069336,0.0,5.637146148490989,0.30000001192092896
330,1437.0,1.1800658213046258,2.0,6.082167017114349,0.0003577745304184912,18.238377567584006,0.04992848485708238,62.896400451660156,0.9789898991584781,0.21656751632690432,4539366.5,12.341195106506348,0.0,6.082167017114349,0.30000001192092896
331,1442.0,0.7835341137480364,3.0,0.2047991117987848,7.876888915337877e-06,28.24002602520634,0.06015243315696716,62.5098648071289,0.771185040473938,-0.07437469065189363,1296304.75,6.401639938354492,0.0,0.2047991117987848,0.30000001192092896
332,1443.0,1.0318669599598842,1.0,2.0499782911093933,0.00010249891455546968,53.54161863060708,0.05404919028282165,39.81655502319336,0.9008198380470276,-0.10449564456939696,3454616.75,8.666170120239258,0.0,2.0499782911093933,0.30000001192092896
333,1456.0,1.0405231333309446,2.0,3.241513891190551,8.103784727976378e-05,99.83988414256716,0.12367446899414064,41.2356071472168,1.030620574951172,-0.4659031629562378,4086705.0,5.049352169036865,0.0,3.241513891190551,0.30000001192092896
334,1460.0,2.9083284460198087,1.0,1.6447297150961306,5.363249070965643e-05,86.7519032915698,0.1256689562797546,38.7336311340332,1.3659669160842893,-0.33259886503219604,6324772.0,8.549119949340819,0.0,1.6447297150961306,0.30000001192092896
335,1474.0,1.4291092844840902,2.0,5.183648273169115,0.0001873607809579198,57.17798628410645,0.08397077631950381,45.31671524047852,1.0116961002349856,-0.09453584253787994,3070688.75,7.248498916625977,0.0,5.183648273169115,0.30000001192092896
336,1476.0,1.23167801262862,2.0,1.739497065178351,5.218491195535053e-05,40.14782898297079,0.09472480416297913,59.36121368408203,0.9472480416297913,-0.3880010247230529,1710453.375,6.0347900390625,0.0,1.739497065178351,0.30000001192092896
337,1480.0,1.9159954862137678,3.0,0.222219993283558,2.4691110364839776e-05,26.11082801248005,0.030601325869560245,38.247703552246094,1.1333824396133423,-0.11460060626268387,3686046.25,23.81855392456055,0.0,0.222219993283558,0.30000001192092896
338,1481.0,1.7049082885328442,1.0,41.96855578560384,0.001383578762162764,77.15338858979547,0.11182829046249387,40.84858322143555,1.228882312774658,0.17973914742469788,6717412.5,7.82752227783203,1.0,0.0,0.30000001192092896
339,1488.0,0.9759361178956693,1.0,3.553547511686597,8.200494257738302e-05,121.09377272357456,0.12985651135444645,38.97127151489258,0.9988962411880495,-0.2690618634223938,6365059.5,4.299702167510985,0.0,3.553547511686597,0.30000001192092896
340,1499.0,1.5979205259674365,10.0,1.2501123992018905,7.653749382868717e-05,29.628407834407806,0.05400135278701782,48.37017822265625,1.1020684242248535,0.22692908346652985,1178336.5,13.623910903930664,0.0,1.2501123992018905,0.30000001192092896
341,1501.0,0.9708562153324598,1.0,2.5333604106034904,6.909164756191337e-05,54.128135543729535,0.10360728383064269,53.61898803710938,0.9418843984603881,-0.3647007346153259,2131016.0,5.172815799713135,0.0,2.5333604106034904,0.30000001192092896
342,1508.0,1.0234389046710792,1.0,8.159425640367617,0.00017484483515073463,94.37293857299153,0.14680786609649663,45.81145477294922,1.0486276149749758,-0.18500562012195587,1662753.125,4.539222240447998,0.0,8.159425640367617,0.30000001192092896
343,1510.0,1.3840263952125462,1.0,0.07775126524407927,5.831344893305945e-06,22.747855352547326,0.03766664505004882,49.87622451782226,0.9416661262512205,-0.10176023095846176,3014411.5,14.378584861755373,0.0,0.07775126524407927,0.30000001192092896
344,1520.0,1.2846428513341936,5.0,1.3330785698600478,7.016202999263409e-05,50.46935106256829,0.05954186081886292,39.97213745117188,1.0445940494537354,0.032063715159893036,1747164.125,10.696393966674805,0.0,1.3330785698600478,0.30000001192092896
345,1522.0,2.0862774870425898,6.0,3.4878011687170045,0.00011014108953843172,47.70899535315974,0.1161792176961899,53.07566833496094,1.2229391336441042,-0.045594722032547004,1742836.375,7.989341735839843,0.0,3.4878011687170045,0.30000001192092896
346,1525.0,2.1312918174224467,3.0,5.588378285990297,0.00033530269715941776,62.38779936464506,0.062372934818267826,33.67200469970703,1.2474586963653564,0.16808813810348516,2511922.25,13.888277053833008,0.0,5.588378285990297,0.30000001192092896
347,1533.0,1.3010052492309654,3.0,0.3920608314077121,2.9404562355578406e-05,17.64021037086133,0.03784533977508545,56.63852310180664,0.9461334943771362,-0.02594720013439656,5256125.5,15.007194519042967,0.0,0.3920608314077121,0.30000001192092896
348,1537.0,0.9934724510345657,1.0,4.984551090577003,0.0002718846049405638,50.060137499794465,0.0457113254070282,39.424766540527344,0.8311150074005127,-0.06687477231025696,6904578.0,8.759208679199219,0.0,4.984551090577003,0.30000001192092896
349,1554.0,3.066404908812616,2.0,3.6500319876543528,0.00015642994232804367,53.713400638851134,0.09693145751953125,42.93796920776367,1.3847351074218748,-0.278861403465271,9510106.0,11.730006217956545,0.0,3.6500319876543528,0.30000001192092896
350,1555.0,1.6313668629175788,8.0,0.8263352135435608,4.958011281261365e-05,52.060165385386895,0.05932700037956239,36.86090850830078,1.1865400075912478,0.01671689935028553,1538941.75,13.543087005615234,0.0,0.8263352135435608,0.30000001192092896
351,1558.0,2.047777065682809,2.0,127.89693266671061,0.0031974233166677654,78.73815959079297,0.1515382719039917,46.43354034423828,1.2628189325332642,-0.004500061273574829,1146876.25,6.213327884674072,1.0,0.5729097655820155,0.30000001192092896
352,1559.0,2.044282686259228,10.0,0.994238346137168,3.389448907285801e-05,29.810521621096438,0.11028017807006836,64.62348175048828,1.2531838417053225,-0.050114564597606666,1795662.0,9.29062271118164,0.0,0.994238346137168,0.30000001192092896
353,1560.0,1.0165442699520446,1.0,4.9534417025001565,0.00013509386461364061,81.79816000244902,0.10431268572807312,43.61725997924805,0.9482971429824829,0.08420323580503462,7466040.0,5.09536361694336,0.0,4.9534417025001565,0.30000001192092896
354,1562.0,1.5935290181466688,3.0,0.21034543984541576,1.5024674274672552e-05,18.806555275802733,0.04707740092277528,56.20873641967773,1.1208904981613161,0.016205759719014168,1075309.625,16.754663467407227,0.0,0.21034543984541576,0.30000001192092896
355,1570.0,2.3955826494861627,1.0,2.274971657736604,0.00011007927376144858,38.349054616122736,0.07862231969833373,47.82470703125,1.2681019306182861,0.0962153747677803,5212538.0,12.482190132141113,0.0,2.274971657736604,0.30000001192092896
356,1577.0,2.121280265460836,2.0,0.18045096009014217,7.030556886628915e-06,82.0723853688229,0.08849381279945373,36.431800842285156,1.1492702960968018,-0.5072897672653198,1956172.0,8.467511177062987,0.0,0.18045096009014217,0.30000001192092896
357,1580.0,1.6751064806461382,1.0,0.05369412506774897,4.353577708195861e-06,20.248446440210788,0.036433439970016496,50.8438949584961,0.9846875667572025,-0.2567071914672852,1956487.75,16.155195236206055,0.0,0.05369412506774897,0.30000001192092896
358,1588.0,2.009636401701073,3.0,6.314092456656759,0.00030067106936460756,52.43527258530393,0.07095493841171266,41.228004455566406,1.1262688636779787,-0.0404927171766758,2997682.75,10.380887031555176,0.0,6.314092456656759,0.30000001192092896
359,1589.0,2.352867197773038,2.0,0.13696177031785284,7.084229499199286e-06,27.783234141020714,0.07331239056587219,54.34460067749024,1.2640067338943481,-0.29694971442222595,3775602.25,13.724946022033693,0.0,0.13696177031785284,0.30000001192092896
360,1601.0,1.1985663379937916,3.0,0.8959355436259819,4.1996978607467904e-05,25.189747965715323,0.05912631225585936,59.95313262939453,0.9238486289978025,-0.1636943370103836,3294292.0,9.2428560256958,0.0,0.8959355436259819,0.30000001192092896
361,1604.0,2.209127915614391,14.0,2.163840798556295,0.00011388635781875236,43.22858510649399,0.077816810131073,43.19025039672852,1.3652071952819824,-0.00630250945687294,1518198.875,14.120916366577148,0.0,2.163840798556295,0.30000001192092896
362,1606.0,1.6755193662778822,4.0,0.2837364037705958,2.837364037705958e-05,26.10206416306278,0.03449241399765014,40.323387145996094,1.1497471332550049,-0.021330593153834343,1402382.0,22.55309867858887,0.0,0.2837364037705958,0.30000001192092896
363,1619.0,2.1281245910179742,7.0,2.3774760745432326,7.752639373510541e-05,53.64450468560617,0.1160736722946167,49.25667572021485,1.2616703510284424,0.03643320128321648,1315700.75,8.333127975463867,0.0,2.3774760745432326,0.30000001192092896
364,1621.0,1.2343078085532058,4.0,0.25967969741793595,1.9975361339841225e-05,33.266077990043364,0.03951069188117982,40.72539520263672,1.0130946636199953,-0.0931057184934616,3133689.25,15.12387466430664,0.0,0.25967969741793595,0.30000001192092896
365,1638.0,1.171756855501065,2.0,4.456855273379123,0.00043130857484314095,59.95458114473658,0.026564861953258516,27.0460262298584,0.8569310307502747,-0.02509107440710068,5775978.0,14.729686737060547,0.0,4.456855273379123,0.30000001192092896
366,1650.0,2.1908880177677137,1.0,0.5547717294808873,2.6417701403851776e-05,43.74832232521807,0.07313504755496981,45.13603210449218,1.1608737707138066,-0.5333486199378967,7300230.0,10.986240386962892,0.0,0.5547717294808873,0.30000001192092896
367,1654.0,1.1269229138340815,2.0,1.8323137657200614,7.530056571452309e-05,60.22968302993721,0.0788930696249008,41.40854263305664,1.080726981163025,-0.3187948167324067,2353558.0,8.591899871826174,0.0,1.8323137657200614,0.30000001192092896
368,1666.0,1.1101871481700083,1.0,4.069840738348342,6.426064323707908e-05,172.98238458023397,0.1839928066730499,39.41936874389648,0.9683831930160521,-0.3856935501098633,1227524.25,2.919397115707397,0.0,4.069840738348342,0.30000001192092896
369,1669.0,1.4358237053580032,9.0,0.9956869244140355,4.9784346220701776e-05,23.01508754666041,0.06264280557632447,60.72997665405274,1.044046759605408,0.0885903015732765,1407006.25,11.185855865478516,0.0,0.9956869244140355,0.30000001192092896
370,1671.0,1.6192151521637927,1.0,0.05235710940480991,5.817456600534434e-06,18.54444048761292,0.036157666683197025,45.3846321105957,1.3391728401184082,-0.2265554815530777,9809780.0,29.867191314697266,0.0,0.05235710940480991,0.30000001192092896
371,1680.0,1.5719826248983,5.0,0.3603432305934057,2.771871004564659e-05,24.636386143553857,0.04604797661304474,47.32358169555664,1.1807173490524292,-0.11060825735330584,5130546.0,18.074764251708984,0.0,0.3603432305934057,0.30000001192092896
372,1698.0,3.231633221771836,1.0,3.467458956512632,0.00018913412490068903,44.37011068390672,0.07650849640369416,41.8764533996582,1.3910635709762573,0.016335271298885345,6733865.5,14.887517929077148,0.0,3.467458956512632,0.30000001192092896
373,1699.0,0.8854070633228137,4.0,0.398051965623641,1.0855962698826571e-05,77.74577892950481,0.0982922089099884,44.73956298828125,0.893565535545349,-0.3384028375148773,1007160.375,4.82838010787964,0.0,0.398051965623641,0.30000001192092896
374,1705.0,2.4314127350081542,5.0,5.009014820537937,0.00024237168486473888,74.20381400786823,0.08600929713249207,34.38084411621093,1.3872467279434204,0.308298259973526,1258726.125,12.454798698425293,0.0,5.009014820537937,0.30000001192092896
375,1708.0,1.0576674680243228,4.0,0.34239265308816086,3.209931122701508e-05,16.746409823183953,0.02764231491088867,51.99336624145508,0.863822340965271,0.16448260843753815,2157261.0,16.529182434082035,0.0,0.34239265308816086,0.30000001192092896
376,1718.0,2.3684050963784467,9.0,0.7407556707281513,6.734142461165011e-05,17.058780725443803,0.041322592377662656,52.31386184692383,1.2521997690200803,0.06572548300027847,4630997.0,23.29667663574219,0.0,0.7407556707281513,0.30000001192092896
377,1730.0,0.9780772753614768,3.0,3.067158489048831,0.0001226863395619533,37.36377819679,0.07270970642566676,53.28918075561523,0.969462752342224,0.009878556244075298,1622594.5,8.056243896484375,0.0,3.067158489048831,0.30000001192092896
378,1731.0,1.2537387361212635,1.0,3.20745100868099,0.0003103984847110636,28.19761640748789,0.02624688184261322,39.437416076660156,0.8466736078262329,0.29186850786209106,2180296.25,15.613698959350586,0.0,3.20745100868099,0.30000001192092896
379,1732.0,2.3540471741262543,6.0,3.0098440466995875,7.52461011674897e-05,42.30074356527608,0.1614672231674194,63.35055541992188,1.3455601930618284,0.09238536655902864,1375298.25,7.56043004989624,0.0,3.0098440466995875,0.30000001192092896
380,1744.0,1.0447920046891432,5.0,0.4965228098276562,2.223236461914878e-05,58.31052899913657,0.05950722253322602,40.3178825378418,0.8881675004959106,-0.18512497842311856,1304489.875,7.730066776275635,0.0,0.4965228098276562,0.30000001192092896
381,1745.0,2.423120787408304,8.0,3.155628729795805,9.466886189387416e-05,73.85174492561629,0.12800824642181402,43.767669677734375,1.28008246421814,-0.22452983260154724,1741426.75,7.4037933349609375,0.0,3.155628729795805,0.30000001192092896
382,1747.0,1.8147412259064957,1.0,3844.766688294674,0.11534300064884022,48.86442290755184,0.11062709093093873,53.80683135986328,1.1062709093093872,-0.054280661046504974,2362765.75,6.905253410339356,1.0,0.0,0.30000001192092896
383,1748.0,0.8013110308311061,2.0,4.379744506258188,0.00022269887319956887,75.60728677268841,0.05390422326326369,33.22599411010743,0.9136309027671812,-0.15989606082439425,2677507.5,8.595744132995605,0.0,4.379744506258188,0.30000001192092896
384,1779.0,1.5470148438006734,13.0,1.3074969817043256,4.358323272347754e-05,79.2951515759713,0.0994546043872833,40.071144104003906,1.1050511598587038,-0.2539134919643402,1086080.5,7.139405727386475,0.0,1.3074969817043256,0.30000001192092896
385,1783.0,1.776260458559082,10.0,1.9647600215193566,4.911900053798391e-05,65.81682178766597,0.14344024658203125,50.78739929199218,1.1953353881835938,-0.20539262890815727,1236811.125,6.25577449798584,0.0,1.9647600215193566,0.30000001192092896
386,1784.0,0.5603805926736258,1.0,2437.606212406685,0.10598287880029064,32.21010453065907,0.04961139357089997,55.05062866210938,0.7190057039260864,0.3609251379966736,3504223.75,6.575015068054199,1.0,0.0,0.30000001192092896
387,1785.0,1.9202852929013927,1.0,2.034601382571163,7.927018373653882e-05,58.01536003716933,0.08057267689704894,43.33189392089844,1.046398401260376,-0.11863221228122713,7582953.0,8.052533149719237,0.0,2.034601382571163,0.30000001192092896
388,1786.0,0.7357662844206591,1.0,1.113140170851015,4.4525606834040616e-05,27.29775128712597,0.06121866255998609,62.34490966796875,0.8162488341331482,-0.3272159099578857,3446464.75,7.071794033050537,0.0,1.113140170851015,0.30000001192092896
389,1792.0,3.0735227751787626,1.0,5.7138242563433455,0.00014284560640858364,99.47904760018213,0.16487058162689205,41.310325622558594,1.3739215135574339,-0.08380710333585739,2571886.0,6.557557582855225,0.0,5.7138242563433455,0.30000001192092896
390,1797.0,2.5291240330333067,3.0,3.3807342387881185,0.00031694383488638613,39.62223030753485,0.04243715286254883,33.801761627197266,1.3261610269546509,0.2513516843318939,4315245.5,23.086017608642567,0.0,3.3807342387881185,0.30000001192092896
391,1801.0,1.2721743625085655,1.0,2.05675475368839,7.259134424782553e-05,36.0529152952864,0.08227555632591248,57.75280380249024,0.9679477214813232,0.03259410336613655,6072236.0,7.2485337257385245,0.0,2.05675475368839,0.30000001192092896
392,1825.0,0.720260383257131,2.0,3.3230444892390594,0.00022153629928260398,37.512074964771365,0.03250135928392409,41.19594955444336,0.7222524285316465,0.09391067922115326,1006778.0,9.291111946105957,0.0,3.3230444892390594,0.30000001192092896
393,1857.0,2.588927713736696,1.0,31.06899755795719,0.0015033385915140577,70.56136775464958,0.08183450436592103,35.25706481933594,1.3199113607406618,0.14643345773220062,3545019.0,11.949915885925293,1.0,0.0,0.30000001192092896
394,1863.0,2.3191557471147393,5.0,3.2931419926403525,0.00010399395766232693,48.120134881599405,0.1228997427225113,52.84844207763672,1.2936815023422241,-0.2662579417228699,3468414.25,8.454121589660643,0.0,3.2931419926403525,0.30000001192092896
395,1906.0,1.4401071308420996,1.0,4.454528978096998,0.00010279682257146917,115.62819609065308,0.1202006196975708,39.88169479370117,0.9246201515197754,-0.06870023161172867,6486877.5,4.0557780265808105,0.0,4.454528978096998,0.30000001192092896
396,1910.0,2.347007159757979,1.0,2.4493885829421878,7.498128315129147e-05,115.14483345318571,0.1257405297756195,34.69961166381836,1.2830666303634644,-0.2416484802961349,2592747.75,7.3319153785705575,0.0,2.4493885829421878,0.30000001192092896
397,1920.0,1.75716201271164,1.0,3.813945612144781,0.00020073397958656744,50.28051759944414,0.0756457486152649,40.04712677001953,1.3271183967590332,0.04400426521897316,8822690.0,13.484021186828613,0.0,3.813945612144781,0.30000001192092896
398,1937.0,2.432670400955864,2.0,0.11834029995534488,1.4200835994641385e-05,30.70751708366841,0.03320081233978272,33.93762588500977,1.3280324935913086,-0.2704426348209381,9756176.0,29.162210464477536,0.0,0.11834029995534488,0.30000001192092896
399,1952.0,1.2441154510084933,1.0,1.9514197225702816,5.854259167710845e-05,95.9781670479413,0.0908791184425354,38.39260482788085,0.908791184425354,-0.3022327125072479,1049505.5,5.159060001373291,0.0,1.9514197225702816,0.30000001192092896
400,2048.0,1.5535507319657451,1.0,1.1727321906993977,4.188329252497849e-05,44.686976610311625,0.10894500017166138,51.56831741333008,1.2969642877578735,-0.2497672587633133,8787253.0,9.49339199066162,0.0,1.1727321906993977,0.30000001192092896
